lsoa21cd,lsoa21nm,HEI_bayes,HEI_bayes_uncert,HEI_quintile,HEI_adjusted,rank_bayes,rank_adjusted,rank_change,pop_cluster,pop_label,zone_type,pct_epc_ABC,pct_poor_health,pct_fair_health,pct_good_health,pct_high_nssec,pct_low_nssec,pct_intermediate,pct_elderly_alone,pct_single,pct_dep_children,pct_lone_parent,pct_long_commute,pct_home_work,pct_short_commute,pct_deprived_any,pct_deprived_2plus,pct_large_hh,pct_small_hh,overcrowding_proxy,transport_ptai,hospital,median_house_price,avg_epc_rating_num
E01003911,Southwark 020A,0.7241198875528306,0.4815309137784823,Q5 (worst),0.3280765899708554,151.0,48.0,-103.0,2,Deprived,Double Deprivation,44.82338611449452,0.03778096604495457,0.09086561453849833,0.8713534194165471,0.31525625744934443,0.30274135876042907,0.0768772348033373,0.05423280423280423,0.27116402116402116,0.3306878306878307,0.14417989417989419,0.023529411764705882,0.33137254901960783,0.27941176470588236,0.5872170439414115,0.22503328894806923,0.1205298013245033,0.5774834437086093,0.0041870388692325,14.285,1.0262345679012346,425000.0,4.4167725540025415
E01003912,Southwark 019A,0.7889974912816958,0.6163740148200877,Q5 (worst),0.3320178947785282,162.0,50.0,-112.0,2,Deprived,Double Deprivation,30.0,0.042390194075587334,0.1128702757916241,0.8447395301327886,0.1620879120879121,0.3983516483516483,0.07623626373626374,0.046546546546546545,0.2777777777777778,0.4444444444444444,0.24024024024024024,0.033045977011494254,0.19827586206896552,0.3146551724137931,0.657185628742515,0.2754491017964072,0.1263001485884101,0.5438335809806835,0.0045196606619655,13.4737,1.198,,4.235820895522388
E01003913,Southwark 024A,0.6759662793958232,0.3964136149033741,Q4,0.25925122004631584,131.0,23.0,-108.0,3,Family,Housing Deprived,40.35087719298245,0.021589793915603533,0.09666339548577037,0.8817468105986261,0.5113636363636364,0.20738636363636365,0.06988636363636364,0.07168458781362007,0.2998805256869773,0.25567502986857826,0.09199522102747909,0.019464720194647202,0.5125709651257097,0.21573398215733983,0.43364928909952605,0.11374407582938388,0.06818181818181818,0.6232057416267942,0.0029032764274262,25.1306,0.8804761904761905,675000.0,4.31227651966627
E01003914,Southwark 024B,0.6886343826471837,0.4349221195336944,Q4,0.13966073489732192,135.0,10.0,-125.0,3,Family,Housing Deprived,32.46913580246913,0.040474905558553695,0.09821910415542363,0.8613059902860226,0.5212307692307693,0.2,0.064,0.08683473389355742,0.2773109243697479,0.226890756302521,0.056022408963585436,0.016873889875666074,0.5754884547069272,0.15630550621669628,0.48055555555555557,0.18333333333333332,0.08611111111111111,0.6125,0.0026407346742153,13.8509,0.9488505747126436,617500.0,4.218228498074454
E01003915,Southwark 024C,0.4546784957616913,0.3764947247314451,Q2,0.38705168513474375,39.0,68.0,29.0,0,Mixed_0,Housing Advantaged,64.30260047281324,0.05612520237452779,0.11009174311926606,0.8337830545062062,0.3668974197608559,0.329137822529893,0.08558842039018251,0.06508135168961202,0.327909887359199,0.2265331664580726,0.09136420525657071,0.029684601113172542,0.4035250463821892,0.21706864564007422,0.5732165206508135,0.2327909887359199,0.07365792759051186,0.6729088639200999,0.0034501969966863,7.36537,1.5219999999999998,424500.0,4.637575757575758
E01003916,Southwark 020B,0.579094488852276,0.4155726914579382,Q3,0.2591763188229334,96.0,22.0,-74.0,0,Mixed_0,Mixed,46.62447257383967,0.02198257984238905,0.08710078805474906,0.8909166321028619,0.3705682370082564,0.26226323457989315,0.06799417192812045,0.053964757709251104,0.30506607929515417,0.2433920704845815,0.07929515418502203,0.020527859237536656,0.41055718475073316,0.23900293255131966,0.5169769989047097,0.1533406352683461,0.10176991150442478,0.6139380530973452,0.0033834712037301,7.25009,1.3159420289855073,415500.0,4.424688561721404
E01003917,Southwark 020C,0.5856230187881901,0.3349469755669563,Q3,0.27002388715807657,101.0,27.0,-74.0,0,Mixed_0,Mixed,47.77542372881356,0.04656084656084656,0.11904761904761904,0.8343915343915344,0.41625,0.3125,0.07,0.11542857142857142,0.3942857142857143,0.19657142857142856,0.09028571428571429,0.018095238095238095,0.4838095238095238,0.22095238095238096,0.5480549199084668,0.2334096109839817,0.06199770378874857,0.7175660160734788,0.0035487597600197,12.0831,1.261111111111111,363000.0,4.428246013667426
E01003918,Southwark 020D,0.8231904372819979,0.4282146627053022,Q5 (worst),0.29193791318667994,168.0,35.0,-133.0,2,Deprived,Double Deprivation,37.518910741301056,0.05460750853242321,0.1242320819112628,0.821160409556314,0.3502454991816694,0.3657937806873977,0.08428805237315876,0.16129032258064516,0.3794162826420891,0.23195084485407066,0.1152073732718894,0.020107238605898123,0.40482573726541554,0.2386058981233244,0.5978428351309707,0.3050847457627119,0.07751937984496124,0.6713178294573643,0.004313729966,18.7464,0.6363095238095238,380000.0,4.432323232323232
E01003919,Southwark 021A,0.6377960761258022,0.4783333451382384,Q4,0.22675335075952963,114.0,18.0,-96.0,0,Mixed_0,Housing Deprived,33.85714285714286,0.03706070287539936,0.11054313099041534,0.8523961661341853,0.44379562043795623,0.2613138686131387,0.07372262773722628,0.08029197080291971,0.362043795620438,0.2,0.05547445255474453,0.012345679012345678,0.5263748597081931,0.20875420875420875,0.5286343612334802,0.1762114537444934,0.07737226277372262,0.6832116788321168,0.0030519193003622,20.7302,1.114367816091954,552500.0,4.2578616352201255
E01003920,Southwark 021B,0.7180475139463978,0.1908404862804878,Q5 (worst),0.40937274524270567,149.0,79.0,-70.0,2,Deprived,Double Deprivation,37.953091684434966,0.05413105413105413,0.1087369420702754,0.8371320037986705,0.317735413056037,0.35759676487579434,0.09820912767186597,0.06375838926174497,0.3389261744966443,0.28747203579418346,0.14093959731543623,0.02631578947368421,0.32800751879699247,0.29793233082706766,0.5960482985729967,0.24368825466520308,0.08149779735682819,0.6651982378854625,0.004727440024152,21.9918,1.0484375,332500.0,4.476327116212339
E01003921,Southwark 021C,0.8288735395136897,0.6741702381315328,Q5 (worst),0.4482732256015683,171.0,91.0,-80.0,0,Mixed_0,Housing Deprived,36.34719710669078,0.03802083333333333,0.0890625,0.8729166666666667,0.44047619047619047,0.2898809523809524,0.0761904761904762,0.05527638190954774,0.4321608040201005,0.18391959798994975,0.09045226130653267,0.02109704641350211,0.4675105485232067,0.24050632911392406,0.5025278058645096,0.18806875631951467,0.031313131313131314,0.7656565656565657,0.0049021115147264,33.812,0.5621527777777778,435000.0,4.501408450704226
E01003922,Southwark 021D,0.7158767371342343,0.5347580746418703,Q5 (worst),0.46393799154618864,148.0,105.0,-43.0,2,Deprived,Double Deprivation,47.30656219392752,0.03844434510505141,0.10102816271792579,0.8605274921770228,0.3576965669988926,0.3554817275747508,0.07364341085271318,0.06995884773662552,0.3096707818930041,0.28600823045267487,0.14814814814814814,0.028132992327365727,0.36231884057971014,0.2872975277067349,0.6084710743801653,0.23450413223140495,0.0694300518134715,0.6601036269430052,0.0048717655492851,27.1055,1.1175675675675676,405000.0,4.4375678610206295
E01003923,Southwark 017A,0.7931648398525535,0.7663178289274604,Q5 (worst),0.24610437470229346,165.0,19.0,-146.0,0,Mixed_0,Housing Deprived,32.45614035087719,0.04715248009797918,0.10287813839559094,0.8499693815064299,0.4089012517385257,0.26912378303198886,0.08344923504867872,0.08641975308641975,0.35665294924554186,0.20027434842249658,0.07818930041152264,0.03301384451544196,0.45686900958466453,0.2736954206602769,0.5728021978021978,0.21703296703296704,0.05191256830601093,0.6653005464480874,0.0034476935438747,19.9945,0.7519230769230769,606000.0,4.294444444444444
E01003924,Southwark 021E,0.9681921684695026,0.5410431737881556,Q5 (worst),0.38189006126057157,173.0,64.0,-109.0,2,Deprived,Double Deprivation,28.140214216163585,0.045736064792758456,0.1124344926155312,0.8418294425917103,0.2209085252022402,0.44741754822650903,0.0821406347230865,0.11589403973509933,0.37527593818984545,0.3200883002207506,0.15011037527593818,0.033707865168539325,0.22982635342185903,0.3534218590398366,0.6934950385887542,0.25027563395810365,0.09899888765294772,0.6651835372636262,0.0056244937839341,23.2131,0.7126984126984127,347500.0,4.275316455696203
E01003925,Southwark 020E,0.6944988244331239,0.3306724040705663,Q4,0.3306251489733597,138.0,49.0,-89.0,2,Deprived,Housing Deprived,28.424657534246577,0.03940886699507389,0.09950738916256158,0.8610837438423645,0.3404761904761905,0.35892857142857143,0.08095238095238096,0.07473309608540925,0.33214709371293,0.2680901542111507,0.10083036773428232,0.02310536044362292,0.4121996303142329,0.266173752310536,0.545346062052506,0.2541766109785203,0.09296781883194279,0.6412395709177592,0.0040003407194309,16.701,1.0341880341880345,445000.0,4.428023032629558
E01003926,Southwark 021F,0.5027690401675493,0.3340036536488158,Q2,0.2910807485849014,57.0,34.0,-23.0,2,Deprived,Housing Advantaged,56.47058823529411,0.0408017179670723,0.10952040085898354,0.8496778811739442,0.2950680272108844,0.3307823129251701,0.0977891156462585,0.11190053285968028,0.3428063943161634,0.2841918294849023,0.12078152753108348,0.03183791606367583,0.36468885672937773,0.28075253256150506,0.6137566137566137,0.20811287477954143,0.10350877192982456,0.6035087719298246,0.0033049515847329,15.3548,1.256060606060606,339000.0,4.5338078291814945
E01033867,Southwark 002F,0.639090244958512,0.4063062465331646,Q4,0.6387053819845686,115.5,153.0,37.5,0,Mixed_0,Housing Deprived,31.167826759474092,0.03488372093023256,0.12015503875968993,0.8449612403100775,0.37687366167023556,0.1748750892219843,0.06209850107066381,0.07487520798668885,0.3594009983361065,0.16139767054908485,0.06821963394342762,0.021164021164021163,0.5582010582010583,0.2447089947089947,0.4975206611570248,0.18181818181818182,0.032948929159802305,0.7479406919275123,0.0047233955445806,79.5195,0.6940476190476191,525000.0,4.458272327964861
E01033868,Southwark 002G,0.639090244958512,0.4063062465331646,Q4,0.8517897439681303,115.5,168.0,52.5,1,Professional,Housing Deprived,49.715909090909086,0.0106458481192335,0.0482611781405252,0.9410929737402413,0.46551724137931033,0.05772113943028486,0.03073463268365817,0.026402640264026403,0.4521452145214521,0.09075907590759076,0.036303630363036306,0.014925373134328358,0.683853459972863,0.17503392130257803,0.29519071310116085,0.06301824212271974,0.008305647840531562,0.8538205980066446,0.0056060607751498,79.5195,0.5814393939393939,525000.0,4.793427230046948
E01003929,Southwark 002B,0.4606973221719709,0.6029362461633653,Q2,0.8339787116412037,42.0,167.0,125.0,1,Professional,Housing Advantaged,49.412628487518354,0.0400200100050025,0.08454227113556778,0.8754377188594297,0.5823562255723059,0.16303740926856505,0.06420993858179788,0.05855018587360595,0.4312267657992565,0.12267657992565056,0.04553903345724907,0.008675078864353312,0.6458990536277602,0.2058359621451104,0.4121495327102804,0.15514018691588785,0.02897196261682243,0.8214953271028037,0.004074302067396,92.32,1.038076923076923,872500.0,4.559276018099547
E01003930,Southwark 034A,0.4566878630571802,0.3292947593996722,Q2,0.7091470683715613,41.0,159.0,118.0,0,Mixed_0,Housing Advantaged,22.850924918389552,0.04434250764525994,0.0891946992864424,0.8664627930682977,0.3505214368482039,0.1813441483198146,0.06431054461181923,0.0623342175066313,0.38461538461538464,0.22413793103448276,0.11140583554376658,0.037037037037037035,0.5768799102132436,0.21773288439955107,0.4366576819407008,0.1509433962264151,0.030831099195710455,0.7453083109919572,0.0038748285632275,98.7026,1.08843537414966,759750.0,4.32421875
E01003932,Southwark 034B,0.5410576756083468,0.5145150903280841,Q3,0.5305476852734307,69.0,132.0,63.0,0,Mixed_0,Mixed,39.65287049399199,0.05443940375891121,0.10693454309786131,0.8386260531432275,0.36413469068128423,0.303054032889585,0.07987470634299139,0.04630969609261939,0.36468885672937773,0.23299565846599132,0.1345875542691751,0.02053915275994865,0.4544287548138639,0.28369704749679076,0.6,0.24782608695652175,0.06772334293948126,0.6930835734870316,0.0041907997003052,78.2513,0.9747619047619048,435000.0,4.319148936170213
E01003933,Southwark 034C,0.4366204134506616,0.1787674729600329,Q2,0.51667408990818,35.0,124.0,89.0,0,Mixed_0,Housing Advantaged,23.154848046309695,0.032953105196451206,0.09252217997465145,0.8745247148288974,0.45612388549976535,0.18770530267480057,0.05865790708587518,0.04926108374384237,0.3556650246305419,0.1458128078817734,0.05517241379310345,0.02737642585551331,0.6114068441064638,0.20988593155893537,0.4102060843964671,0.13542688910696762,0.05582761998041136,0.7443682664054848,0.003526637858321,63.6931,1.161788617886179,523213.0,4.449275362318841
E01003934,Southwark 002C,0.5393806767688355,0.3794418556177395,Q3,0.8523692668338633,68.0,169.0,101.0,1,Professional,Mixed,42.73306311522872,0.041453428863868984,0.09979529170931423,0.8587512794268168,0.5674342105263158,0.14583333333333334,0.06743421052631579,0.10116383169203223,0.4843330349149508,0.07967770814682185,0.02954341987466428,0.013757523645743766,0.6680997420464316,0.19174548581255374,0.3951395139513951,0.11251125112511251,0.01519213583556747,0.8766756032171582,0.0032106488689759,75.8419,0.7085526315789474,1275000.0,4.7518324607329845
E01003935,Southwark 002D,0.4161770352722079,0.4110262650052831,Q1 (best),0.47822376182476317,32.0,109.0,77.0,0,Mixed_0,Housing Advantaged,47.50356633380884,0.04354587869362364,0.10497667185069985,0.8514774494556765,0.28283712784588444,0.2040280210157618,0.05516637478108581,0.12441314553990611,0.4014084507042254,0.2300469483568075,0.056338028169014086,0.024,0.482,0.252,0.5260663507109005,0.23696682464454977,0.06872037914691943,0.6990521327014217,0.0031414700358228,71.412,0.901418439716312,,4.5073649754500815
E01003936,Southwark 009A,0.5702553135432142,0.2702793840741054,Q3,0.5731075347428718,88.0,145.0,57.0,1,Professional,Mixed,54.13333333333333,0.019242333132892364,0.05171377029464823,0.9290438965724594,0.5114904793171372,0.04924491135915955,0.05975049244911359,0.05982905982905983,0.3213675213675214,0.15384615384615385,0.018803418803418803,0.010559662090813094,0.6958817317845829,0.19957761351636746,0.32124352331606215,0.07253886010362694,0.025817555938037865,0.7160068846815835,0.0036887605931756,55.6753,0.8272222222222222,707500.0,4.582258064516129
E01003937,Southwark 009B,0.7258128277394432,0.5258182338121337,Q5 (worst),0.5672154967797488,152.0,144.0,-8.0,1,Professional,Housing Deprived,34.7010550996483,0.028627195836044242,0.0741704619388419,0.8972023422251139,0.4864864864864865,0.18278805120910385,0.06685633001422475,0.04068241469816273,0.3989501312335958,0.1089238845144357,0.03412073490813648,0.01820020222446916,0.5520728008088979,0.23862487360970677,0.47265625,0.13411458333333334,0.04057591623036649,0.7617801047120419,0.0049440476018422,76.3364,0.6408333333333334,475000.0,4.319054652880355
E01003938,Southwark 006A,0.6164929149504809,0.429279831557126,Q4,0.6425336627149404,109.0,156.0,47.0,0,Mixed_0,Housing Deprived,64.1025641025641,0.0425764192139738,0.09443231441048035,0.8629912663755459,0.32721311475409837,0.260327868852459,0.08459016393442623,0.05131578947368421,0.32105263157894737,0.24342105263157895,0.1,0.022598870056497175,0.4180790960451977,0.3107344632768362,0.5598404255319149,0.22340425531914893,0.08579088471849866,0.6528150134048257,0.0047320518650091,63.9147,0.634375,450000.0,4.6979768786127165
E01003939,Southwark 002E,0.5419942387260138,0.4645147569894657,Q3,0.8138058328054026,70.0,164.0,94.0,1,Professional,Mixed,60.0486223662885,0.027848101265822784,0.05670886075949367,0.9154430379746835,0.44394868934746234,0.14556609035136642,0.05856107083100948,0.027366020524515394,0.3717217787913341,0.1322690992018244,0.05701254275940707,0.016888888888888887,0.5582222222222222,0.25955555555555554,0.43507972665148065,0.14236902050113895,0.03636363636363636,0.740909090909091,0.0047569034643876,89.4512,0.745774647887324,645000.0,4.662535748331744
E01003940,Southwark 006B,0.7039046743478563,0.3407748680868165,Q5 (worst),0.5568258621861716,142.0,141.0,-1.0,2,Deprived,Double Deprivation,63.934426229508205,0.05329153605015674,0.11536050156739812,0.8313479623824451,0.29083969465648857,0.32137404580152673,0.08854961832061069,0.07961783439490445,0.3200636942675159,0.2770700636942675,0.13535031847133758,0.011703511053315995,0.33550065019505854,0.31859557867360205,0.618066561014263,0.24247226624405704,0.10268562401263823,0.5876777251184834,0.0049488684218718,31.057,0.9198717948717948,457500.0,4.633281972265023
E01003941,Southwark 006C,0.7404877970963869,0.3010962621037289,Q5 (worst),0.4829200030822045,157.0,112.0,-45.0,1,Professional,Housing Deprived,52.935606060606055,0.031754032258064516,0.08165322580645161,0.8865927419354839,0.5528735632183908,0.18850574712643678,0.06839080459770115,0.04984423676012461,0.37694704049844235,0.17341640706126688,0.06334371754932502,0.01320901320901321,0.6006216006216006,0.22921522921522922,0.4501039501039501,0.13825363825363826,0.04145077720207254,0.7461139896373057,0.0038853285425432,19.919,0.7807692307692308,737250.0,4.638686131386861
E01003942,Southwark 006D,0.5270805092657501,0.1849909433331175,Q2,0.5111443865623838,65.0,122.0,57.0,2,Deprived,Housing Advantaged,50.39370078740157,0.046202867764206054,0.10302708443972385,0.8507700477960701,0.27297481279782165,0.27297481279782165,0.10006807351940095,0.0759493670886076,0.29430379746835444,0.33069620253164556,0.13765822784810128,0.02130492676431425,0.3941411451398136,0.32756324900133155,0.6483516483516484,0.28414442700156983,0.13629160063391443,0.5594294770206022,0.0041244589154277,30.0469,1.378125,487500.0,4.552352048558422
E01003943,Southwark 009C,0.7042623031951204,0.63145938413489,Q5 (worst),0.5562997135907525,144.0,140.0,-4.0,2,Deprived,Double Deprivation,42.32715008431703,0.050870147255689425,0.0997322623828648,0.8493975903614458,0.2779116465863454,0.3863453815261044,0.078714859437751,0.06984667802385008,0.28109028960817717,0.2674616695059625,0.10732538330494037,0.02442159383033419,0.34575835475578404,0.3496143958868895,0.6389830508474577,0.2559322033898305,0.10714285714285714,0.5476190476190477,0.0048015683950024,65.1941,0.6904761904761905,500000.0,4.394316163410302
E01003945,Southwark 033A,0.0947922347739692,0.7957356885856669,Q1 (best),0.2579851942249335,7.0,20.0,13.0,3,Family,Housing Advantaged,27.93017456359102,0.025389497980380843,0.08770917484131564,0.8869013271783035,0.5657894736842105,0.17616959064327486,0.07090643274853801,0.09375,0.27309782608695654,0.32608695652173914,0.08831521739130435,0.017278617710583154,0.5799136069114471,0.12526997840172785,0.40384615384615385,0.11538461538461539,0.058663028649386086,0.6111869031377899,0.0021150805335537,6.43321,2.9170542635658916,445000.0,4.155792276964048
E01003946,Southwark 033B,0.2725840948484976,0.4958645261113817,Q1 (best),0.26543874830786834,11.0,25.0,14.0,3,Family,Housing Advantaged,36.30573248407643,0.03614457831325301,0.08538501833420639,0.8784704033525406,0.4959623149394347,0.18775235531628534,0.08209959623149395,0.13026315789473683,0.3,0.35526315789473684,0.08157894736842106,0.01991150442477876,0.5055309734513275,0.13938053097345132,0.4230769230769231,0.13262599469496023,0.09720372836218376,0.611185086551265,0.0021054881796824,8.85067,2.3089147286821703,630000.0,4.212201591511937
E01003947,Southwark 033C,0.1922285696013202,0.334922085104597,Q1 (best),0.5805896954925229,8.0,146.0,138.0,2,Deprived,Housing Advantaged,56.67189952904239,0.043640897755610975,0.10037406483790523,0.8559850374064838,0.24031007751937986,0.39104220499569337,0.1024978466838932,0.06788079470198675,0.2367549668874172,0.4652317880794702,0.24668874172185432,0.031496062992125984,0.29448818897637796,0.17480314960629922,0.6599664991624791,0.30318257956448913,0.10561056105610561,0.5181518151815182,0.0043576664763539,8.84743,2.8244444444444445,298000.0,4.507154213036566
E01003948,Southwark 033D,0.5303302436115558,0.260734428572402,Q2,0.3080631494930468,66.0,42.0,-24.0,3,Family,Housing Advantaged,44.971098265895954,0.028,0.09085714285714286,0.8811428571428571,0.5582386363636364,0.17258522727272727,0.08735795454545454,0.08886107634543179,0.32540675844806005,0.29411764705882354,0.10262828535669587,0.011988011988011988,0.5894105894105894,0.0959040959040959,0.41132075471698115,0.11320754716981132,0.031446540880503145,0.6893081761006289,0.0034558128945638,15.3887,1.4953703703703705,435000.0,4.3681652490887
E01003949,Southwark 032A,0.0922606466817343,0.4580186163768385,Q1 (best),0.4657787171929789,6.0,106.0,100.0,3,Family,Housing Advantaged,44.795918367346935,0.04357066950053135,0.08554729011689692,0.8708820403825718,0.5294498381877023,0.170873786407767,0.09838187702265372,0.07415990730011587,0.3684820393974508,0.25955967555040554,0.0660486674391657,0.01863932898415657,0.5554520037278659,0.14259086672879775,0.4270833333333333,0.1574074074074074,0.04503464203233257,0.6939953810623557,0.0031480769407865,9.00387,2.971031746031746,423750.0,4.374045801526718
E01003950,Southwark 032B,0.0176563536521614,0.4551202730184176,Q1 (best),0.549323163723253,2.0,137.0,135.0,2,Deprived,Housing Advantaged,57.37898465171193,0.05482897384305835,0.11116700201207244,0.8340040241448692,0.352059925093633,0.3114856429463171,0.0867665418227216,0.07616707616707617,0.3022113022113022,0.3402948402948403,0.11793611793611794,0.026288117770767613,0.38275499474237645,0.1819137749737119,0.5614250614250614,0.22727272727272727,0.07768187422934648,0.5967940813810111,0.0033908535950004,8.68232,3.0973958333333336,347500.0,4.539489671931956
E01003951,Southwark 033E,0.5091022174688566,0.530782605723704,Q2,0.04953878729927745,60.0,3.0,-57.0,3,Family,Housing Advantaged,18.28665568369028,0.028282828282828285,0.07878787878787878,0.8929292929292929,0.5108333333333334,0.14833333333333334,0.075,0.13419117647058823,0.2757352941176471,0.28860294117647056,0.0625,0.019969278033794162,0.5913978494623656,0.10445468509984639,0.38656987295825773,0.11978221415607986,0.07233273056057866,0.5895117540687161,0.0015637745775735,4.94678,1.6963333333333332,730000.0,3.993067590987868
E01003952,Southwark 030A,0.8041334029991286,0.2856001364839773,Q5 (worst),0.1528546185028649,166.0,11.0,-155.0,3,Family,Housing Deprived,27.89203084832905,0.031363088057901084,0.07840772014475271,0.8902291917973462,0.5823353293413174,0.16467065868263472,0.0748502994011976,0.06901615271659324,0.25844346549192365,0.29809104258443464,0.06020558002936858,0.017034068136272545,0.62625250501002,0.11923847695390781,0.4090247452692867,0.11935953420669577,0.05377906976744186,0.6191860465116279,0.002726951814102,16.5506,0.7705882352941176,750000.0,4.152832674571805
E01003953,Southwark 028A,0.7689716171896053,0.4438549979504561,Q5 (worst),0.13204143613550298,161.0,9.0,-152.0,3,Family,Housing Deprived,32.28621291448517,0.038461538461538464,0.07988165680473373,0.8816568047337278,0.627030162412993,0.14617169373549885,0.07308584686774942,0.07481559536354057,0.3677555321390938,0.20126448893572182,0.02845100105374078,0.007575757575757576,0.6227272727272727,0.1462121212121212,0.4171974522292994,0.1178343949044586,0.03270042194092827,0.6962025316455697,0.0032072605149528,17.4577,0.7027777777777777,460000.0,4.2442442442442445
E01003954,Southwark 030B,0.6479969600932493,0.6343811584743821,Q4,0.19707539388484616,117.0,14.0,-103.0,3,Family,Housing Deprived,33.33333333333333,0.027690371302706105,0.08432976714915041,0.8879798615481435,0.6394884092725819,0.14788169464428458,0.0639488409272582,0.07854984894259819,0.27341389728096677,0.3293051359516616,0.03625377643504532,0.007478632478632479,0.6463675213675214,0.13782051282051283,0.33990895295902884,0.1062215477996965,0.0441400304414003,0.604261796042618,0.0025303507921564,12.4087,1.1442528735632185,725000.0,4.237960339943343
E01003955,Southwark 028B,0.563351045183945,0.4038336210895363,Q3,0.29745738089185414,81.0,39.0,-42.0,3,Family,Mixed,34.0,0.036036036036036036,0.09114997350291468,0.8728139904610492,0.5735580038885288,0.20025923525599482,0.07582631237848347,0.09547123623011015,0.2974296205630355,0.2717258261933905,0.04039167686658507,0.007359705611775529,0.6080956761729531,0.15179392824287027,0.4188351920693928,0.18463444857496902,0.04932182490752158,0.6288532675709001,0.00286458949816,11.1178,1.5613095238095238,728000.0,4.258064516129032
E01003956,Southwark 030C,0.7273365271324862,0.2744413717511605,Q5 (worst),0.12211485058027065,154.0,7.0,-147.0,3,Family,Housing Deprived,30.994897959183675,0.04103671706263499,0.10367170626349892,0.8552915766738661,0.6255115961800819,0.13574351978171897,0.06616643929058663,0.06948228882833787,0.26430517711171664,0.34332425068119893,0.04223433242506812,0.016791044776119403,0.6119402985074627,0.125,0.36971350613915416,0.1009549795361528,0.07113543091655267,0.5896032831737346,0.0026616237858977,11.4817,0.8686666666666666,628750.0,4.211286089238845
E01003957,Southwark 032C,0.3638853766174943,0.444091634481465,Q1 (best),0.3002899099706438,24.0,40.0,16.0,3,Family,Housing Advantaged,24.6031746031746,0.030083565459610027,0.0807799442896936,0.8891364902506964,0.5862068965517241,0.1505981703026038,0.08796622097114708,0.060085836909871244,0.21745350500715308,0.3361945636623748,0.03862660944206009,0.01053639846743295,0.6264367816091954,0.12260536398467432,0.36857142857142855,0.11,0.05316091954022988,0.5617816091954023,0.0025463394005094,9.48494,2.3146666666666667,715000.0,4.1034013605442174
E01003958,Southwark 032D,0.4811338369800805,0.3402407160534194,Q2,0.28842991989088984,49.0,33.0,-16.0,3,Family,Housing Advantaged,31.505102040816325,0.04035178479048112,0.08794619762027936,0.8717020175892395,0.4540266328471782,0.24223208623969564,0.06848446417247939,0.07152145643693109,0.24057217165149544,0.28738621586475943,0.053315994798439535,0.01483679525222552,0.5746785361028685,0.14737883283877348,0.4326424870466321,0.12953367875647667,0.05201560468140442,0.6189856957087126,0.0027504671242172,11.488,1.835185185185185,684000.0,4.201581027667984
E01003960,Southwark 012A,0.3618070355225392,0.4095677918538347,Q1 (best),0.44516283738114265,22.0,90.0,68.0,0,Mixed_0,Housing Advantaged,46.127167630057805,0.04391891891891892,0.09121621621621621,0.8648648648648649,0.425748884639898,0.22434671765455705,0.08094327597195666,0.06587615283267458,0.3359683794466403,0.18708827404479578,0.07509881422924901,0.005917159763313609,0.5088757396449705,0.27317554240631164,0.5373525557011796,0.20445609436435125,0.062095730918499355,0.6248382923673997,0.0033391474900337,32.6668,1.7263440860215054,459000.0,4.467376830892144
E01003961,Southwark 012B,0.7219188031411846,0.4133718334174109,Q5 (worst),0.46268278434751653,150.0,103.0,-47.0,2,Deprived,Double Deprivation,55.683003128258605,0.06376811594202898,0.14106280193236714,0.7951690821256039,0.21808510638297873,0.43380614657210403,0.08392434988179669,0.1375422773393461,0.370913190529876,0.2762119503945885,0.13528748590755355,0.02771618625277162,0.26053215077605324,0.35698447893569846,0.7082860385925085,0.32349602724177073,0.08361581920903954,0.6271186440677966,0.004561657437912,21.5532,0.9744444444444444,,4.548458149779735
E01003963,Southwark 016A,0.4837248717923437,0.4625461371944349,Q2,0.602026397468257,50.0,147.0,97.0,2,Deprived,Housing Advantaged,57.859078590785906,0.04487179487179487,0.12062937062937062,0.8344988344988346,0.24566473988439305,0.38872832369942195,0.10043352601156069,0.06876790830945559,0.3123209169054441,0.30515759312320917,0.14326647564469913,0.03694267515923567,0.2611464968152866,0.3503184713375796,0.6934306569343066,0.2773722627737226,0.08840579710144927,0.5739130434782609,0.0049321398747434,27.8448,1.7980392156862746,365000.0,4.54356846473029
E01033878,Southwark 015F,0.6616538255126979,0.714223239569158,Q4,0.2973080641091608,122.5,38.0,-84.5,2,Deprived,Housing Deprived,35.24027459954233,0.05063291139240506,0.0949367088607595,0.8544303797468354,0.29633740288568255,0.35960044395116536,0.07991120976692564,0.06954436450839328,0.24700239808153476,0.35731414868105515,0.16546762589928057,0.030947775628626693,0.34235976789168276,0.3230174081237911,0.6238095238095238,0.28095238095238095,0.10900473933649289,0.54739336492891,0.0038834840595596,12.6048,1.3144444444444443,450000.0,4.31042654028436
E01033880,Southwark 015H,0.6616538255126979,0.714223239569158,Q4,0.25811264400033934,122.5,21.0,-101.5,2,Deprived,Housing Deprived,25.86206896551724,0.019212746016869727,0.08762886597938144,0.8931583880037488,0.29586488060570765,0.4199184624344787,0.052417006406523005,0.033271719038817,0.2532347504621072,0.34935304990757854,0.04805914972273567,0.03565891472868217,0.2751937984496124,0.2651162790697674,0.568738229755179,0.24293785310734464,0.22862453531598512,0.5185873605947955,0.0030009585390575,12.6048,1.961111111111111,450000.0,4.20911528150134
E01003966,Southwark 015B,0.583007440858656,0.3712218938046174,Q3,0.3405018593136844,97.0,53.0,-44.0,2,Deprived,Mixed,43.18975552968568,0.053914674167838725,0.11486169714017816,0.8312236286919831,0.226696083838941,0.44015444015444016,0.06563706563706563,0.08904933814681107,0.2972322503008424,0.259927797833935,0.10108303249097472,0.03272727272727273,0.27,0.33545454545454545,0.7021791767554479,0.29539951573849876,0.12515188335358446,0.5589307411907655,0.0040624548626304,19.6325,1.3871794871794871,345000.0,4.368421052631579
E01033881,Southwark 016F,0.5771833026516248,0.3372117233714378,Q3,0.46074354829197167,94.0,101.0,7.0,2,Deprived,Mixed,44.88372093023256,0.051934287228404874,0.12453630100688924,0.8235294117647058,0.25311475409836065,0.4098360655737705,0.08327868852459017,0.0938375350140056,0.2913165266106443,0.30952380952380953,0.1330532212885154,0.020606060606060607,0.30303030303030304,0.35878787878787877,0.6811797752808989,0.26685393258426965,0.12656467315716272,0.5702364394993046,0.0040791522589595,19.6174,1.2390909090909092,475000.0,4.5993150684931505
E01033879,Southwark 015G,0.5559769374346512,0.2411630932674242,Q3,0.3999866852353441,75.0,73.0,-2.0,2,Deprived,Mixed,66.05839416058394,0.04419241298396558,0.10363707469691044,0.852170512319124,0.1871375856615709,0.4480759093305219,0.08961518186610437,0.06413301662707839,0.23990498812351543,0.4156769596199525,0.19477434679334918,0.036072144288577156,0.2575150300601202,0.3306613226452906,0.6921241050119332,0.28042959427207637,0.1945754716981132,0.4846698113207547,0.0036629496154627,6.82276,1.3004761904761903,,4.647058823529412
E01003969,Southwark 017B,0.7375025934539388,0.3308198028395819,Q5 (worst),0.30627923861951345,156.0,41.0,-115.0,0,Mixed_0,Housing Deprived,37.150586113615866,0.023133116883116884,0.07873376623376624,0.8981331168831169,0.38738317757009344,0.30280373831775703,0.07616822429906542,0.06995073891625615,0.3221674876847291,0.19507389162561575,0.06995073891625615,0.02729693741677763,0.440745672436751,0.2669773635153129,0.531496062992126,0.2047244094488189,0.08137254901960785,0.6549019607843137,0.0037883048685709,20.5273,0.8478142076502733,516350.0,4.392133492252682
E01003971,Southwark 015D,0.5934164919372577,0.6561935875651534,Q3,0.4038591993375324,105.0,74.0,-31.0,2,Deprived,Mixed,50.22026431718062,0.030855539971949508,0.08835904628330996,0.8807854137447405,0.3161833489242282,0.3601496725912067,0.09260991580916744,0.05813953488372093,0.22674418604651161,0.42054263565891475,0.24031007751937986,0.01386481802426343,0.36048526863084923,0.29636048526863085,0.57421875,0.203125,0.12427184466019417,0.5106796116504855,0.0037660450489039,13.4816,1.121527777777778,481250.0,4.634799235181644
E01003972,Southwark 016D,0.6567876783791283,0.3527097026020441,Q4,0.4500234343386378,121.0,92.0,-29.0,2,Deprived,Housing Deprived,52.84552845528455,0.036834924965893585,0.09618008185538882,0.8669849931787176,0.34467713787085513,0.31849912739965097,0.08900523560209424,0.05778491171749599,0.2841091492776886,0.32263242375601925,0.17335473515248795,0.0291005291005291,0.3915343915343915,0.2791005291005291,0.5983739837398374,0.25040650406504067,0.08306188925081433,0.6482084690553745,0.004665697729553,14.3897,1.360897435897436,415000.0,4.480164158686731
E01003973,Southwark 016E,0.5632962180177503,0.7942506930167677,Q3,0.6383197779379269,80.0,152.0,72.0,0,Mixed_0,Mixed,61.66056166056166,0.04779189352692075,0.10768300060496068,0.8445251058681186,0.2990448199853049,0.3798677443056576,0.10727406318883174,0.08288770053475936,0.3917112299465241,0.25,0.11764705882352941,0.024526198439241916,0.34894091415830547,0.3177257525083612,0.6114058355437666,0.23474801061007958,0.055408970976253295,0.6635883905013192,0.0050164602420495,23.6952,1.6029761904761906,,4.616264294790343
E01003975,Southwark 004A,0.6939138208086927,0.2296135312648168,Q4,0.4302102018876121,136.0,86.0,-50.0,2,Deprived,Housing Deprived,46.95767195767196,0.044257703081232495,0.10700280112044817,0.8487394957983193,0.3557422969187675,0.32212885154061627,0.10224089635854341,0.04742547425474255,0.29132791327913277,0.2926829268292683,0.15447154471544716,0.023702031602708805,0.40857787810383744,0.30699774266365687,0.5528455284552846,0.21951219512195122,0.07472826086956522,0.6222826086956522,0.0045374308288232,10.9034,1.0801282051282053,400000.0,4.610714285714286
E01003976,Southwark 036D,0.6617764129793503,0.4182324437880458,Q4,0.5232460425605662,124.0,127.0,3.0,0,Mixed_0,Housing Deprived,51.242983159583,0.04091858037578288,0.08434237995824635,0.8747390396659708,0.515984015984016,0.21178821178821178,0.07392607392607392,0.055846422338568937,0.34554973821989526,0.21204188481675393,0.10907504363001745,0.031892274982282066,0.5676824946846208,0.2310418143160879,0.45017482517482516,0.17657342657342656,0.04199475065616798,0.7340332458442694,0.0044141220049799,21.5032,1.034502923976608,550000.0,4.657297297297298
E01003977,Southwark 010A,0.5600204928065593,0.2286731146992176,Q3,0.4517027669654242,78.0,95.0,17.0,0,Mixed_0,Mixed,70.62314540059347,0.05570433851098018,0.1049812533476165,0.8393144081414033,0.34735500318674317,0.3231357552581262,0.08604206500956023,0.08283313325330131,0.37214885954381755,0.24129651860744297,0.09723889555822329,0.01973001038421599,0.42471443406022846,0.25752855659397716,0.5854545454545454,0.2581818181818182,0.07524271844660194,0.6783980582524272,0.0042691208260688,7.06045,1.2453125,342500.0,4.7583965330444205
E01033870,Southwark 004G,0.8243516416746419,0.5075494010026101,Q5 (worst),0.48605431243914554,169.5,115.0,-54.5,1,Professional,Housing Deprived,37.927350427350426,0.024266365688487584,0.0682844243792325,0.90744920993228,0.5989684074790458,0.16763378465506126,0.06254029658284978,0.029069767441860465,0.34651162790697676,0.1813953488372093,0.07906976744186046,0.009630818619582664,0.615569823434992,0.20545746388443017,0.37834691501746215,0.11757857974388825,0.04190919674039581,0.7671711292200233,0.0047146634473872,9.21538,0.6074712643678161,530000.0,4.775
E01033872,Southwark 004I,0.8243516416746419,0.5075494010026101,Q5 (worst),0.4272060308317562,169.5,84.0,-85.5,0,Mixed_0,Housing Deprived,43.36661911554921,0.040769230769230766,0.08692307692307692,0.8723076923076923,0.4696969696969697,0.24777183600713013,0.0748663101604278,0.0563165905631659,0.4322678843226788,0.1841704718417047,0.0654490106544901,0.03929024081115336,0.5297845373891001,0.1964512040557668,0.4613050075872534,0.15174506828528073,0.04393939393939394,0.7772727272727272,0.0051336819661373,9.21538,0.5216049382716049,530000.0,4.554655870445344
E01003979,Southwark 006E,0.6298393046535674,0.435687090434156,Q4,0.5356276959002326,112.0,134.0,22.0,0,Mixed_0,Housing Deprived,41.38176638176638,0.051915322580645164,0.14415322580645162,0.8039314516129032,0.4163802978235968,0.3207331042382589,0.07101947308132875,0.04869762174405436,0.3873159682899207,0.1857304643261608,0.07474518686296716,0.012915129151291513,0.5313653136531366,0.21863468634686348,0.49148694665153236,0.1952326901248581,0.0496054114994363,0.7429537767756482,0.004502128401143,18.2871,1.3407907425265189,552500.0,4.583516483516483
E01003980,Southwark 013A,0.6009342680878669,0.3301246695250935,Q3,0.39084107456737,107.0,69.0,-38.0,2,Deprived,Mixed,61.848574237954764,0.05555555555555555,0.13663663663663664,0.8078078078078078,0.29381145170618855,0.3603238866396761,0.06419895893580103,0.09395973154362416,0.42058165548098436,0.20022371364653244,0.09060402684563758,0.021212121212121213,0.3575757575757576,0.32525252525252524,0.6331828442437923,0.2652370203160271,0.11085972850678733,0.6821266968325792,0.0041674514141674,15.5438,1.1288617886178862,313086.0,4.6228991596638656
E01003981,Southwark 006F,0.7047516999157988,0.7055788485657623,Q5 (worst),0.8601794468915674,145.0,170.0,25.0,0,Mixed_0,Housing Deprived,50.187734668335416,0.06494367130550033,0.10404241219350563,0.831013916500994,0.3742469879518072,0.21762048192771086,0.06927710843373494,0.10566615620214395,0.4655436447166922,0.16845329249617153,0.07503828483920368,0.017615176151761516,0.513550135501355,0.2899728997289973,0.5226586102719033,0.24018126888217523,0.05606060606060606,0.7424242424242424,0.0045706276081571,84.3865,0.6046153846153846,1055000.0,4.568965517241379
E01003983,Southwark 018A,0.4630530859126257,0.3880737845219224,Q2,0.5053856429841082,43.0,121.0,78.0,2,Deprived,Housing Advantaged,61.63793103448276,0.03745318352059925,0.11342964151952915,0.8491171749598716,0.218475073313783,0.4222873900293255,0.09310850439882698,0.04769001490312966,0.23546944858420268,0.4217585692995529,0.21609538002980627,0.03303684879288437,0.22871664548919948,0.3341804320203304,0.6602086438152012,0.2667660208643815,0.14732142857142858,0.5208333333333334,0.0040113502868228,13.772,1.724242424242424,,4.598518518518518
E01003984,Southwark 023A,0.4948681388425795,0.3310724114422149,Q2,0.3656278291338118,54.0,59.0,5.0,0,Mixed_0,Housing Advantaged,46.09297725024728,0.044580419580419584,0.10139860139860139,0.8540209790209791,0.418163160595177,0.30323242688558233,0.09389430477167779,0.10557768924302789,0.35258964143426297,0.22111553784860558,0.08167330677290836,0.02135774218154081,0.43935926773455375,0.2120518688024409,0.5656063618290258,0.23061630218687873,0.06487025948103792,0.6716566866267465,0.0035218329092995,20.6753,1.4936274509803922,450000.0,4.429978118161926
E01003986,Southwark 011A,0.651985686149803,0.6222387288095038,Q4,0.4832458634353125,120.0,113.0,-7.0,2,Deprived,Housing Deprived,54.55801104972375,0.07876496534341525,0.12287334593572778,0.798361688720857,0.2887323943661972,0.3904538341158059,0.09233176838810642,0.13447782546494993,0.38626609442060084,0.2804005722460658,0.13161659513590845,0.027932960893854747,0.34217877094972066,0.2611731843575419,0.6762177650429799,0.3452722063037249,0.06294706723891273,0.6494992846924177,0.0043136495410511,13.1411,1.0551724137931036,,4.712380952380952
E01003987,Southwark 011B,0.5774381395512815,0.7280638068846622,Q3,0.4078130232475675,95.0,77.0,-18.0,2,Deprived,Mixed,66.396292004635,0.058695652173913045,0.1483695652173913,0.7929347826086957,0.2984778292521509,0.3639973527465255,0.09530112508272667,0.11495673671199011,0.4054388133498146,0.26452410383189123,0.1211372064276885,0.02402745995423341,0.34439359267734554,0.26887871853546913,0.6495726495726496,0.2771672771672772,0.0687116564417178,0.6613496932515337,0.0040572361678645,4.31175,1.148198198198198,341000.0,4.767241379310345
E01003988,Southwark 018B,0.9563145353322344,0.5131078268376514,Q5 (worst),0.3356364775337464,172.0,51.0,-121.0,2,Deprived,Double Deprivation,39.81132075471698,0.06712734452122408,0.12339585389930899,0.8094768015794669,0.24726224783861672,0.3936599423631124,0.08703170028818444,0.13745704467353953,0.4020618556701031,0.24742268041237114,0.12600229095074456,0.035256410256410256,0.26816239316239315,0.24786324786324787,0.6931034482758621,0.3103448275862069,0.09028571428571429,0.6548571428571428,0.0042418016212566,10.7857,1.3788359788359787,315000.0,4.422584400465658
E01003989,Southwark 018C,0.4936087519014033,0.3357299011013743,Q2,0.45016637577856927,53.0,93.0,40.0,2,Deprived,Housing Advantaged,56.46794150731158,0.036283185840707964,0.09424778761061947,0.8694690265486725,0.3219101123595506,0.35730337078651686,0.07977528089887641,0.05005688282138794,0.2775881683731513,0.30602957906712175,0.13310580204778158,0.03617571059431524,0.33161068044788977,0.2876830318690784,0.5800227014755959,0.2224744608399546,0.10730593607305935,0.5787671232876712,0.0043297839991016,9.99103,1.5180555555555555,288250.0,4.660639777468707
E01003990,Southwark 018D,0.3632145757914128,0.5625460837731463,Q1 (best),0.4418005104063379,23.0,88.0,65.0,2,Deprived,Housing Advantaged,61.91646191646192,0.0486322188449848,0.11723838471558837,0.8341293964394269,0.2415820416889364,0.3971138428647782,0.09086050240513095,0.07186358099878197,0.2630937880633374,0.3325213154689403,0.14981729598051158,0.020739404869251576,0.2660054102795311,0.3056807935076646,0.6537059538274606,0.2867557715674362,0.13663845223700122,0.5417170495767836,0.0037205694556583,11.0672,1.8693798449612404,332500.0,4.622222222222222
E01003991,Southwark 017C,0.5051910883791066,0.4180331492133933,Q2,0.4249553453587901,59.0,83.0,24.0,2,Deprived,Housing Advantaged,53.858784893267654,0.10369206598586017,0.15553809897879026,0.7407698350353495,0.2564575645756458,0.4003690036900369,0.09225092250922509,0.17869415807560138,0.3711340206185567,0.20446735395189003,0.08075601374570447,0.03272727272727273,0.3381818181818182,0.3145454545454546,0.6781411359724613,0.342512908777969,0.04753820033955857,0.6791171477079796,0.0038786294932757,8.15529,1.6515151515151516,465500.0,4.531516183986372
E01003992,Southwark 014A,0.7509512258654982,0.3660673661061279,Q5 (worst),0.3848953617727596,160.0,65.0,-95.0,2,Deprived,Double Deprivation,50.65502183406113,0.06108312342569269,0.1265743073047859,0.8123425692695214,0.26866883116883117,0.400974025974026,0.10146103896103896,0.1625,0.36875,0.303125,0.140625,0.032305433186490456,0.3392070484581498,0.32305433186490456,0.6801242236024845,0.2981366459627329,0.10108864696734059,0.5878693623639192,0.0043847550519949,16.5964,0.7598484848484848,421250.0,4.581850533807829
E01003993,Southwark 017D,0.4842436237842702,0.3145475950546825,Q2,0.4970089612992946,51.0,118.0,67.0,2,Deprived,Housing Advantaged,72.49388753056235,0.0508641975308642,0.10074074074074074,0.8483950617283951,0.24968474148802017,0.38083228247162676,0.09836065573770492,0.07125,0.31125,0.33125,0.17125,0.039378238341968914,0.2694300518134715,0.3378238341968912,0.6292134831460674,0.2634207240948814,0.1053952321204517,0.5545796737766625,0.0039027018280169,8.92975,1.5101851851851853,,4.727969348659004
E01003994,Southwark 012E,0.3862849641302345,0.2830660241464016,Q1 (best),0.538743252502072,28.0,135.0,107.0,0,Mixed_0,Housing Advantaged,37.11340206185567,0.0519409513395298,0.10278840896664844,0.8452706396938218,0.4351851851851852,0.2962962962962963,0.08703703703703704,0.07727797001153403,0.4002306805074971,0.17416378316032297,0.07151095732410612,0.017707362534948742,0.49860205032618826,0.26281453867660765,0.5220417633410673,0.19721577726218098,0.053117782909930716,0.710161662817552,0.0036674911722783,35.947,1.8135416666666664,565000.0,4.458823529411765
E01003995,Southwark 014B,0.4956301219812136,0.3711056347260063,Q2,0.7206269337396373,55.0,160.0,105.0,0,Mixed_0,Housing Advantaged,42.909535452322736,0.07142857142857142,0.13556851311953352,0.793002915451895,0.3770491803278688,0.33045729076790337,0.09490940465918896,0.0989159891598916,0.5013550135501355,0.1897018970189702,0.09349593495934959,0.02932551319648094,0.42961876832844575,0.2859237536656892,0.6054421768707483,0.2585034013605442,0.043184885290148446,0.7800269905533064,0.005373602946538,45.6154,1.9333333333333331,485000.0,4.401741293532338
E01003997,Southwark 017E,0.4295059894735707,0.0270929215006864,Q2,0.31878809150104487,33.0,45.0,12.0,0,Mixed_0,Housing Advantaged,43.30855018587361,0.044787644787644784,0.09575289575289575,0.8594594594594595,0.3931947069943289,0.27977315689981097,0.10113421550094517,0.07086614173228346,0.2755905511811024,0.2618110236220472,0.11811023622047244,0.020618556701030927,0.5007363770250368,0.21207658321060383,0.5522682445759369,0.20907297830374755,0.07692307692307693,0.5680473372781065,0.0032337417252841,18.504,1.7458333333333331,425000.0,4.340909090909091
E01003998,Southwark 014D,0.3999053504360267,0.3900197982324028,Q1 (best),0.5023692416890205,30.0,120.0,90.0,0,Mixed_0,Housing Advantaged,43.50205198358413,0.051929824561403506,0.1256140350877193,0.8224561403508772,0.49760765550239233,0.2527910685805423,0.0733652312599681,0.08549618320610687,0.3618320610687023,0.19236641221374046,0.07633587786259542,0.012239902080783354,0.5556915544675642,0.2215422276621787,0.5279878971255674,0.2118003025718608,0.0426179604261796,0.7047184170471842,0.0034999209815657,34.3612,1.8936507936507936,623000.0,4.349162011173185
E01003999,Southwark 014E,0.52128888731649,0.4692878375302067,Q2,0.32227034608147953,63.0,46.0,-17.0,2,Deprived,Housing Advantaged,42.022116903633496,0.043391188251001335,0.11348464619492657,0.8431241655540721,0.3628966639544345,0.30105777054515864,0.0838079739625712,0.06521739130434782,0.31438127090301005,0.29431438127090304,0.12876254180602006,0.020512820512820513,0.4230769230769231,0.3076923076923077,0.5943238731218697,0.2353923205342237,0.11686143572621036,0.5859766277128547,0.0038720530138906,18.3586,1.5630434782608698,309500.0,4.352180936995153
E01004000,Southwark 026A,0.5975312376406072,0.339370163295035,Q3,0.28323774082123204,106.0,30.0,-76.0,0,Mixed_0,Mixed,37.69968051118211,0.0539568345323741,0.11664953751284686,0.829393627954779,0.40588595953402823,0.3157572041692213,0.08645003065603923,0.08542141230068337,0.36332574031890663,0.2460136674259681,0.08656036446469248,0.02095238095238095,0.49238095238095236,0.15523809523809523,0.5480549199084668,0.23684210526315788,0.05821917808219178,0.6643835616438356,0.0033324379239821,13.3242,1.37816091954023,530000.0,4.318693693693693
E01004001,Southwark 026B,0.4544383506601346,0.5685561470347936,Q2,0.3915009188217125,38.0,70.0,32.0,2,Deprived,Housing Advantaged,50.32258064516129,0.07814269535673839,0.1319365798414496,0.789920724801812,0.28552005438477224,0.3970088375254929,0.10740992522093813,0.1278295605858855,0.33022636484687085,0.2596537949400799,0.09320905459387484,0.03204272363150868,0.41255006675567424,0.2109479305740988,0.6901595744680851,0.3351063829787234,0.0796812749003984,0.646746347941567,0.003285039111777,8.26902,1.7446078431372547,563000.0,4.483425414364641
E01004002,Southwark 029A,0.0665322179620752,0.5930386842117876,Q1 (best),0.4615015480304304,4.0,102.0,98.0,3,Family,Housing Advantaged,36.57142857142857,0.03755868544600939,0.10211267605633803,0.8603286384976526,0.5227617602427921,0.18285280728376327,0.09408194233687406,0.08497723823975721,0.2291350531107739,0.36722306525037934,0.06069802731411229,0.014380530973451327,0.5929203539823009,0.12278761061946902,0.4339908952959029,0.1471927162367223,0.08409785932721713,0.5244648318042814,0.0020857512688158,7.92082,3.081578947368421,800000.0,4.282442748091603
E01004003,Southwark 023B,0.5451854920232304,0.2855058562195905,Q3,0.32760160853500425,72.0,47.0,-25.0,2,Deprived,Mixed,68.48484848484848,0.07025246981339188,0.11251372118551042,0.8172338090010977,0.300132802124834,0.397742363877822,0.07702523240371846,0.09113924050632911,0.36455696202531646,0.25443037974683547,0.11012658227848102,0.0335195530726257,0.3195530726256983,0.25921787709497207,0.6599496221662469,0.31738035264483627,0.07178841309823678,0.6347607052896725,0.0034643861150399,17.3645,0.9366666666666664,320500.0,4.693568726355611
E01004004,Southwark 023C,0.5648410277228159,0.31870926117236,Q3,0.33664069898204263,82.0,52.0,-30.0,0,Mixed_0,Mixed,42.8927680798005,0.04450361354127044,0.10688474705211107,0.8486116394066184,0.41011494252873565,0.2689655172413793,0.09885057471264368,0.07443082311733801,0.34938704028021017,0.2670753064798599,0.12259194395796848,0.030927835051546393,0.4865979381443299,0.18556701030927836,0.5388646288209606,0.22882096069868996,0.07618213660245184,0.6891418563922942,0.003588421503366,23.1322,1.18375,422500.0,4.4535353535353535
E01004005,Southwark 023D,0.4754655864724911,0.6702354911342737,Q2,0.4535801238258221,47.0,98.0,51.0,2,Deprived,Housing Advantaged,53.71477369769428,0.06287683031869079,0.11843238587424634,0.8186907838070628,0.3613312202852615,0.3623877443211833,0.08927628103539356,0.0775347912524851,0.37773359840954274,0.25745526838966204,0.13817097415506957,0.023993144815766924,0.44301628106255353,0.1953727506426735,0.6011964107676969,0.26520438683948155,0.07348560079443893,0.6941410129096326,0.0040229633865642,24.5143,1.3727272727272726,334250.0,4.6234177215189876
E01004006,Southwark 023E,0.7422998117711654,0.4873245997564347,Q5 (worst),0.22148397353705804,158.0,17.0,-141.0,0,Mixed_0,Housing Deprived,36.395348837209305,0.048465266558966075,0.10393107162089392,0.84760366182014,0.42115384615384616,0.2833333333333333,0.08717948717948718,0.07323232323232323,0.3282828282828283,0.26515151515151514,0.07954545454545454,0.01603206412825651,0.5090180360721442,0.20140280561122245,0.524904214559387,0.20178799489144317,0.07079646017699115,0.6219974715549936,0.0029028152684238,16.3159,0.8006172839506173,717000.0,4.295399515738499
E01004007,Southwark 018E,0.322570250660481,0.4182404430054002,Q1 (best),0.45103613973352635,16.0,94.0,78.0,2,Deprived,Housing Advantaged,65.7559198542805,0.04916897506925208,0.12049861495844875,0.8303324099722992,0.246415770609319,0.4381720430107527,0.08691756272401434,0.07734806629834254,0.289134438305709,0.3683241252302026,0.1878453038674033,0.046686746987951805,0.2710843373493976,0.2996987951807229,0.6415441176470589,0.2757352941176471,0.12754158964879853,0.5157116451016636,0.003546008244732,10.8004,1.8174603174603177,320000.0,4.721311475409836
E01004008,Southwark 022B,0.6504972269674713,0.4264707090888383,Q4,0.286845917397077,119.0,32.0,-87.0,2,Deprived,Housing Deprived,65.12758201701094,0.044561571633924296,0.10924772400574988,0.8461907043603258,0.27056019070321813,0.37842669845053634,0.09237187127532777,0.06567534076827757,0.29615861214374223,0.3023543990086741,0.1412639405204461,0.0374384236453202,0.3044334975369458,0.25320197044334974,0.6307884856070087,0.27909887359199,0.13291925465838508,0.5503105590062112,0.0035420603176233,28.8441,0.5166666666666667,306000.0,4.628930817610063
E01004010,Southwark 022D,0.6794179611417928,0.4229948354896772,Q4,0.35987136023354327,132.0,58.0,-74.0,2,Deprived,Housing Deprived,55.81395348837209,0.039150630391506305,0.0948905109489051,0.8659588586595885,0.280517380759903,0.36378334680679064,0.08649959579628133,0.0704,0.3488,0.3072,0.128,0.02977667493796526,0.34987593052109184,0.24441687344913152,0.606973058637084,0.2519809825673534,0.09305993690851735,0.6324921135646687,0.0041572552984108,25.2333,0.8848484848484848,367500.0,4.49923896499239
E01004011,Southwark 019B,0.4013176872262544,0.3232813540942897,Q1 (best),0.4835745722276099,31.0,114.0,83.0,2,Deprived,Housing Advantaged,63.02349336057201,0.05377358490566038,0.12264150943396226,0.8235849056603773,0.27199074074074076,0.3732638888888889,0.10011574074074074,0.07646356033452807,0.31780167264038234,0.2951015531660693,0.13620071684587814,0.04407443682664055,0.29774730656219395,0.31537708129285014,0.6391251518833536,0.28068043742405835,0.11538461538461539,0.5637019230769231,0.0036548427505639,10.4316,1.401219512195122,355000.0,4.8952802359882
E01004012,Southwark 019C,0.3223432555088087,0.185123370340056,Q1 (best),0.4528186364022749,15.0,97.0,82.0,2,Deprived,Housing Advantaged,70.21052631578948,0.03489361702127659,0.08297872340425531,0.882127659574468,0.33080808080808083,0.33535353535353535,0.09292929292929293,0.039045553145336226,0.30585683297180044,0.2885032537960954,0.11062906724511931,0.02669902912621359,0.36084142394822005,0.2766990291262136,0.5728155339805825,0.2308522114347357,0.0957562568008705,0.5767138193688792,0.0035879403955889,5.62015,1.786388888888889,305000.0,4.787654320987654
E01004013,Southwark 019D,0.5170644515080763,0.3945030452054275,Q2,0.4067463754830847,62.0,76.0,14.0,2,Deprived,Housing Advantaged,72.74052478134111,0.04994054696789536,0.13495838287752676,0.8151010701545779,0.3505866114561767,0.3636991028295376,0.11180124223602485,0.05045871559633028,0.24770642201834864,0.25382262996941896,0.11467889908256881,0.03337041156840934,0.3581757508342603,0.2625139043381535,0.6082949308755761,0.2534562211981567,0.10843373493975904,0.6009036144578314,0.0035014983954821,14.4653,0.8407407407407408,375000.0,4.892193308550186
E01004014,Southwark 019E,0.2665744023896738,0.4269884781894841,Q1 (best),0.5639562757170432,10.0,143.0,133.0,2,Deprived,Housing Advantaged,57.4002574002574,0.04096045197740113,0.13041431261770245,0.8286252354048964,0.2418260333127699,0.42751388032078963,0.07526218383713756,0.07212713936430318,0.3545232273838631,0.35574572127139364,0.1528117359413203,0.031578947368421054,0.23894736842105263,0.3294736842105263,0.6523341523341524,0.2641277641277641,0.1409313725490196,0.6004901960784313,0.0043518494404744,6.73928,2.2887096774193547,299225.0,4.678456591639871
E01004015,Southwark 028C,0.3089772841175393,0.4935448316527061,Q1 (best),0.2822853582916947,14.0,29.0,15.0,3,Family,Housing Advantaged,34.66135458167331,0.03270509977827051,0.07982261640798226,0.8874722838137472,0.46580907244414355,0.16452268111035884,0.06093432633716994,0.07183098591549296,0.28450704225352114,0.27887323943661974,0.07605633802816901,0.006600660066006601,0.592959295929593,0.13751375137513752,0.4553191489361702,0.16453900709219857,0.09631728045325778,0.5934844192634561,0.0027247923408311,10.0316,2.2516666666666665,476250.0,4.236514522821577
E01004016,Southwark 029B,0.0146840998612935,0.7258542034846219,Q1 (best),0.47341234850196234,1.0,108.0,107.0,3,Family,Housing Advantaged,37.29933899905571,0.0401854714064915,0.09582689335394126,0.8639876352395672,0.5230379746835443,0.19443037974683544,0.08556962025316456,0.07452165156092648,0.23867069486404835,0.37462235649546827,0.07653575025176233,0.016818500350385426,0.5795374912403644,0.11492641906096707,0.4324596774193548,0.16834677419354838,0.07265388496468214,0.5348133198789102,0.002678523917793,8.0044,3.550877192982456,449995.0,4.29221435793731
E01004017,Southwark 029C,0.0363873777713856,0.7152091179059326,Q1 (best),0.35313120824985955,3.0,56.0,53.0,3,Family,Housing Advantaged,29.82456140350877,0.0230722525804493,0.08075288403157256,0.8961748633879781,0.536697247706422,0.17507645259938837,0.0764525993883792,0.06471494607087827,0.24191063174114022,0.3559322033898305,0.07704160246533127,0.014054054054054054,0.5718918918918919,0.16324324324324324,0.3984615384615385,0.1,0.06933744221879815,0.5716486902927581,0.0023420392844825,7.87077,3.217948717948718,500000.0,4.161741835147745
E01004018,Southwark 032E,0.0782014499473098,0.506609878237242,Q1 (best),0.37482491311608873,5.0,62.0,57.0,3,Family,Housing Advantaged,32.21709006928407,0.0236096537250787,0.07450157397691501,0.9018887722980063,0.6284372904091214,0.1341381623071764,0.06371562709590879,0.07345360824742268,0.2693298969072165,0.3389175257731959,0.059278350515463915,0.01060070671378092,0.6236749116607774,0.1254416961130742,0.38254172015404364,0.09370988446726572,0.05012853470437018,0.5951156812339332,0.0025292207584616,6.66859,3.0785714285714287,510000.0,4.219424460431655
E01004019,Southwark 026C,0.526251008880586,0.3307615250478037,Q2,0.2972140507575301,64.0,37.0,-27.0,0,Mixed_0,Housing Advantaged,39.55307262569833,0.03385049365303244,0.09873060648801128,0.8674188998589563,0.4290697674418605,0.2651162790697674,0.08372093023255814,0.061519903498190594,0.30156815440289503,0.29794933655006034,0.09167671893848009,0.019861830742659757,0.5069084628670121,0.14853195164075994,0.4799054373522459,0.17494089834515367,0.1038961038961039,0.5903187721369539,0.0031718495362136,11.8681,1.6113333333333333,540000.0,4.315602836879433
E01004020,Southwark 029D,0.2754447618010618,0.6646255278559043,Q1 (best),0.5459742912150722,12.0,136.0,124.0,2,Deprived,Housing Advantaged,49.411764705882355,0.0429553264604811,0.10538373424971363,0.8516609392898052,0.32219747587230885,0.32887899034892354,0.09725315515961395,0.10027472527472528,0.32005494505494503,0.3557692307692308,0.18406593406593408,0.029205607476635514,0.39135514018691586,0.21261682242990654,0.5772357723577236,0.24390243902439024,0.07503410641200546,0.6248294679399727,0.0043154859337396,4.82233,2.705333333333333,370000.0,4.451871657754011
E01004021,Southwark 028D,0.62715622340771,0.4691466978495322,Q4,0.314008163558526,111.0,44.0,-67.0,1,Professional,Housing Deprived,39.698046181172295,0.025980160604629193,0.06991025035427492,0.9041095890410958,0.6424986056887897,0.12102621305075292,0.08310094813162298,0.05964214711729622,0.3190854870775348,0.22664015904572565,0.05467196819085487,0.014799154334038054,0.6434108527131783,0.12684989429175475,0.372,0.12,0.03636363636363636,0.7434343434343434,0.0035608512224132,16.2104,1.311904761904762,537500.0,4.325559701492537
E01033869,Southwark 004F,0.6670094618213681,0.5264457611927519,Q4,0.4434381191049362,125.5,89.0,-36.5,0,Mixed_0,Housing Deprived,40.828402366863905,0.04439890710382514,0.10245901639344263,0.8531420765027322,0.3877551020408163,0.2732919254658385,0.09937888198757763,0.11076443057722309,0.3666146645865835,0.28549141965678626,0.1544461778471139,0.0136986301369863,0.436986301369863,0.25205479452054796,0.5559006211180124,0.20496894409937888,0.08513931888544891,0.6625386996904025,0.0046903712751258,15.2282,1.0738095238095238,322200.0,4.632432432432433
E01033871,Southwark 004H,0.6670094618213681,0.5264457611927519,Q4,0.26307448439304604,125.5,24.0,-101.5,0,Mixed_0,Housing Deprived,37.29032258064516,0.0628722700198544,0.09662475181998677,0.8405029781601588,0.4383346425765907,0.2584446190102121,0.09112333071484682,0.08017492711370262,0.3498542274052478,0.23323615160349853,0.09183673469387756,0.022304832713754646,0.4993804213135068,0.20446096654275092,0.5490483162518301,0.2240117130307467,0.06158357771260997,0.6994134897360704,0.0037794309180842,15.2282,0.5804347826086956,322200.0,4.601321585903084
E01004023,Southwark 004D,0.5050200634303694,0.3288209081521875,Q2,0.46945796687556396,58.0,107.0,49.0,0,Mixed_0,Housing Advantaged,63.59945872801083,0.05511811023622047,0.11265899454875833,0.8322228952150212,0.3739193083573487,0.32636887608069165,0.09510086455331412,0.10416666666666667,0.3236111111111111,0.225,0.08472222222222223,0.014412416851441241,0.41352549889135254,0.3026607538802661,0.6,0.252112676056338,0.06223479490806223,0.6322489391796322,0.0038292337190252,14.8683,1.4458333333333333,515000.0,4.620833333333334
E01004024,Southwark 011C,0.5671022516052588,0.4434520298512449,Q3,0.4629555841270159,84.0,104.0,20.0,2,Deprived,Mixed,75.96153846153845,0.05693950177935943,0.1443823080833757,0.7986781901372648,0.28255528255528256,0.3961916461916462,0.08722358722358722,0.09864364981504316,0.3563501849568434,0.25770653514180025,0.1319358816276202,0.02423603793466807,0.36037934668071653,0.2802950474183351,0.6552147239263804,0.26012269938650306,0.09202453987730061,0.6478527607361964,0.004185017178453,14.9454,1.0231182795698923,334500.0,4.819691577698695
E01033884,Southwark 035A,0.5713327117896139,0.4088152688579781,Q3,0.8915959785076727,91.5,171.0,79.5,1,Professional,Mixed,38.19951338199513,0.028105167724388033,0.06074342701722575,0.9111514052583862,0.5684315684315684,0.15484515484515485,0.06693306693306693,0.028716216216216218,0.4391891891891892,0.11317567567567567,0.04222972972972973,0.02077562326869806,0.631578947368421,0.21329639889196675,0.36593591905564926,0.10961214165261383,0.013513513513513514,0.8057432432432432,0.0037223585682472,70.7293,0.8924882629107981,1250000.0,4.720481927710844
E01033885,Southwark 036A,0.5713327117896139,0.4088152688579781,Q3,0.9999999976381823,91.5,173.0,81.5,0,Mixed_0,Mixed,61.21562952243126,0.04442771084337349,0.09789156626506024,0.8576807228915663,0.4103690685413005,0.27680140597539543,0.07469244288224956,0.06210191082802548,0.37101910828025475,0.2054140127388535,0.09076433121019108,0.019021739130434784,0.5081521739130435,0.25407608695652173,0.5325914149443561,0.22416534181240064,0.0368,0.704,0.0047155247456808,70.7293,1.140079365079365,1250000.0,4.642628205128205
E01004028,Southwark 004E,0.6941144675081028,0.1650544763059507,Q4,0.38532964247296475,137.0,66.0,-71.0,0,Mixed_0,Housing Deprived,43.4412265758092,0.04840711625982623,0.08688456764584196,0.8647083160943319,0.4338308457711443,0.27562189054726366,0.09651741293532339,0.05267938237965486,0.3614895549500454,0.25158946412352406,0.10263396911898275,0.020074349442379184,0.47732342007434947,0.25650557620817843,0.5405651777575206,0.2187784867821331,0.05818181818181818,0.6809090909090909,0.0046383035236759,12.6684,0.9604166666666668,236500.0,4.6421052631578945
E01004029,Southwark 001A,0.5716367852386638,0.4360258706393808,Q3,0.45542880850517126,93.0,99.0,6.0,1,Professional,Mixed,56.73828125,0.026566416040100252,0.07017543859649122,0.9032581453634085,0.6053991958644457,0.14876507754164273,0.07696726019529006,0.02798708288482239,0.3369214208826695,0.21420882669537136,0.06673842841765339,0.026470588235294117,0.5970588235294118,0.15514705882352942,0.379978471474704,0.0968783638320775,0.04618689581095596,0.7003222341568206,0.0040319479496374,17.8708,1.393269230769231,510000.0,4.52954808806489
E01004030,Southwark 007A,0.7105221540304222,0.3443063106759729,Q5 (worst),0.4103525743980116,146.0,81.0,-65.0,0,Mixed_0,Housing Deprived,62.09573091849935,0.046370967741935484,0.10887096774193548,0.844758064516129,0.4638364779874214,0.24921383647798742,0.09276729559748427,0.08921438082556592,0.43275632490013316,0.17310252996005326,0.07456724367509987,0.02040816326530612,0.46598639455782315,0.21201814058956917,0.4945945945945946,0.20135135135135135,0.04200542005420054,0.7452574525745257,0.0038479189635941,20.2074,0.8158730158730159,600000.0,4.573705179282869
E01004031,Southwark 007B,0.5853380349520038,0.413924963834487,Q3,0.4290811456838372,100.0,85.0,-15.0,0,Mixed_0,Mixed,38.49443969204448,0.03346153846153846,0.08923076923076922,0.8773076923076923,0.497787610619469,0.21814159292035398,0.06814159292035399,0.05855018587360595,0.29460966542750927,0.18401486988847585,0.05947955390334572,0.016139044072004966,0.5797641216635631,0.16945996275605213,0.4515235457063712,0.17174515235457063,0.07393715341959335,0.6460258780036968,0.003896393513797,27.0332,1.0824074074074077,468750.0,4.56043956043956
E01004032,Southwark 001B,0.203057440459053,0.3658479241607383,Q1 (best),0.552306667924759,9.0,138.0,129.0,1,Professional,Double Advantage,57.065217391304344,0.01603206412825651,0.06212424849699399,0.9218436873747495,0.6591080876795162,0.1111111111111111,0.06500377928949358,0.03987730061349693,0.2852760736196319,0.19478527607361965,0.019938650306748466,0.008555133079847909,0.6245247148288974,0.14068441064638784,0.3560606060606061,0.0803030303030303,0.035168195718654434,0.6529051987767585,0.0031584119890159,18.9261,2.380740740740741,591069.0,4.5568862275449105
E01004033,Southwark 007C,0.6735421422979686,0.5556959003325109,Q4,0.5638558806662375,128.0,142.0,14.0,0,Mixed_0,Housing Deprived,58.17460317460318,0.047619047619047616,0.09772256728778468,0.8546583850931677,0.4482929242949035,0.2825333993072736,0.08114794656110837,0.0726159230096238,0.378827646544182,0.20559930008748906,0.09186351706036745,0.016911764705882352,0.5397058823529411,0.19926470588235295,0.5244755244755245,0.19755244755244755,0.05856643356643357,0.7290209790209791,0.0048096882799412,25.9337,1.0216666666666665,480000.0,4.678466076696165
E01004034,Southwark 007D,0.5886532183920059,0.4313682427830266,Q3,0.4519631292051805,103.0,96.0,-7.0,2,Deprived,Mixed,53.80116959064327,0.04361370716510903,0.09283489096573208,0.8635514018691589,0.2979876160990712,0.32430340557275544,0.09674922600619196,0.06202723146747353,0.24962178517397882,0.28895612708018154,0.15279878971255673,0.027160493827160494,0.3802469135802469,0.2419753086419753,0.5911179173047473,0.22358346094946402,0.07469512195121951,0.586890243902439,0.0044285394332563,17.0703,1.4097701149425288,380000.0,4.533026113671275
E01004035,Southwark 011D,0.4809101842962885,0.3418925476713183,Q2,0.5201631229673068,48.0,125.0,77.0,2,Deprived,Housing Advantaged,69.75308641975309,0.07848633496846531,0.12824106517168885,0.7932725998598459,0.3028229255774166,0.3738237810094098,0.08982035928143713,0.12962962962962962,0.35858585858585856,0.24074074074074073,0.07744107744107744,0.025,0.3411764705882353,0.2676470588235294,0.6728499156829679,0.2984822934232715,0.1065989847715736,0.6480541455160744,0.00404225897531,17.2006,1.4706896551724138,451000.0,4.714470284237726
E01004036,Southwark 007E,0.7040003937010253,0.4673287040161993,Q5 (worst),0.3936394151361917,143.0,71.0,-72.0,2,Deprived,Double Deprivation,63.20754716981132,0.04822695035460993,0.10685579196217494,0.8449172576832151,0.3109903381642512,0.32608695652173914,0.08272946859903382,0.06627906976744186,0.28604651162790695,0.3186046511627907,0.1558139534883721,0.00791295746785361,0.35113748763600394,0.2403560830860534,0.6686046511627907,0.25813953488372093,0.08751458576429405,0.6056009334889149,0.0044969536765416,22.6585,0.7619791666666667,307000.0,4.615039281705949
E01004037,Southwark 010B,0.7006262417170293,0.214737686729469,Q5 (worst),0.5277472448379331,140.0,130.0,-10.0,0,Mixed_0,Housing Deprived,56.38528138528138,0.03559070687098369,0.08601087493821058,0.8783984181908058,0.3490976975731176,0.31425015556938396,0.08462974486621033,0.04104903078677309,0.34549600912200684,0.29646522234891676,0.11288483466362599,0.01858736059479554,0.3754646840148699,0.24814126394052044,0.59613196814562,0.24573378839590443,0.08437856328392246,0.645381984036488,0.0053947865508122,12.224,1.325,339975.0,4.581257413997627
E01004038,Southwark 010C,0.5704555715476646,0.4316705597176089,Q3,0.5152492956331555,89.0,123.0,34.0,0,Mixed_0,Mixed,54.63636363636364,0.03878231859883236,0.08006672226855713,0.8811509591326105,0.37793667007150156,0.2906026557711951,0.0975485188968335,0.02422480620155039,0.33430232558139533,0.26841085271317827,0.11627906976744186,0.02262443438914027,0.41704374057315236,0.25867269984917046,0.5406189555125726,0.20309477756286268,0.07295719844357977,0.646887159533074,0.0044079614412141,11.1853,1.463425925925926,482500.0,4.640909090909091
E01004039,Southwark 013B,0.5526076833640312,0.321125250362729,Q3,0.39925301798111124,74.0,72.0,-2.0,0,Mixed_0,Mixed,48.644578313253014,0.03238341968911917,0.10492227979274611,0.8626943005181347,0.35954198473282445,0.3183206106870229,0.06870229007633588,0.0282574568288854,0.31240188383045525,0.2401883830455259,0.08163265306122448,0.023228803716608595,0.40534262485482,0.2682926829268293,0.5564263322884012,0.19592476489028213,0.08892355694227769,0.6131045241809673,0.0042466079504879,12.7657,1.7282608695652173,400000.0,4.360062893081761
E01004040,Southwark 013C,0.4554071187568977,0.2395383229887753,Q2,0.690444425167348,40.0,158.0,118.0,2,Deprived,Housing Advantaged,59.355638166047086,0.0589171974522293,0.12526539278131635,0.8158174097664543,0.23337856173677068,0.4131614654002714,0.10651289009497965,0.11607142857142858,0.3635204081632653,0.3520408163265306,0.1798469387755102,0.03718459495351926,0.2788844621513944,0.29349269588313415,0.7058064516129032,0.3445161290322581,0.12404092071611253,0.5907928388746803,0.0049157426947447,18.2292,1.8522222222222224,,4.731629392971246
E01004041,Southwark 013D,0.4877612597815953,0.4912475403351032,Q2,0.6637961788263967,52.0,157.0,105.0,2,Deprived,Housing Advantaged,72.01704545454545,0.04542664211172499,0.10865561694290976,0.8459177409453652,0.25520431765612955,0.41326137239784116,0.08481110254433308,0.07868383404864092,0.37625178826895567,0.28898426323319026,0.0844062947067239,0.022613065326633167,0.2851758793969849,0.3379396984924623,0.644927536231884,0.2826086956521739,0.09855072463768116,0.6246376811594203,0.0049298775091238,14.4436,1.825,,4.7082111436950145
E01004042,Southwark 010D,0.3723258256102906,0.3110899992144277,Q1 (best),0.4872506769576225,25.0,116.0,91.0,2,Deprived,Housing Advantaged,61.554404145077726,0.06810035842293907,0.12083973374295955,0.8110599078341014,0.28318042813455657,0.3743119266055046,0.09785932721712538,0.1037394451145959,0.3088057901085645,0.21712907117008443,0.1037394451145959,0.016059957173447537,0.3533190578158458,0.2890792291220557,0.6459854014598541,0.29683698296836986,0.08383961117861483,0.6269744835965978,0.0038470926702315,9.92028,1.825,367620.0,4.697368421052632
E01004043,Southwark 010E,0.3882327991648713,0.1195656928274535,Q1 (best),0.38541748385970964,29.0,67.0,38.0,0,Mixed_0,Housing Advantaged,55.17751479289941,0.058431952662721894,0.12721893491124261,0.8143491124260355,0.39730639730639733,0.30134680134680136,0.09006734006734007,0.09424083769633508,0.33158813263525305,0.2006980802792321,0.0506108202443281,0.019230769230769232,0.5082417582417582,0.22802197802197802,0.565068493150685,0.2363013698630137,0.07008547008547009,0.6547008547008547,0.003076334751103,7.1296,1.8688172043010751,528000.0,4.518348623853211
E01004044,Southwark 013E,0.672205422172594,0.5450195495899108,Q4,0.42319121473964444,127.0,82.0,-45.0,2,Deprived,Housing Deprived,58.12395309882747,0.05003474635163308,0.12091730368311328,0.8290479499652537,0.27992957746478875,0.3855633802816901,0.09330985915492958,0.06713780918727916,0.31095406360424027,0.30565371024734983,0.14664310954063603,0.038748137108792845,0.3025335320417288,0.3502235469448584,0.6761061946902654,0.2973451327433628,0.11743772241992882,0.5676156583629893,0.0039483382186027,11.5705,1.1208333333333331,595000.0,4.555749128919861
E01004045,Southwark 027A,0.5429367042816742,0.2971386631280462,Q3,0.5261052141987794,71.0,128.0,57.0,2,Deprived,Mixed,66.23376623376623,0.04416403785488959,0.09526813880126182,0.8605678233438486,0.2899505766062603,0.3747940691927512,0.09884678747940692,0.056338028169014086,0.30359937402190923,0.37089201877934275,0.17683881064162754,0.024861878453038673,0.31353591160220995,0.2638121546961326,0.525,0.2328125,0.09733124018838304,0.5965463108320251,0.0046245915078917,15.3488,1.4634920634920636,355000.0,4.682515337423313
E01004046,Southwark 028E,0.6239482843821172,0.3976107179598845,Q4,0.13087854467932394,110.0,8.0,-102.0,3,Family,Housing Deprived,20.480225988700564,0.03209242618741977,0.07830551989730423,0.889602053915276,0.5976284584980237,0.1691699604743083,0.0766798418972332,0.05763239875389408,0.26479750778816197,0.29283489096573206,0.04361370716510903,0.015783540022547914,0.6200676437429538,0.14205186020293123,0.38880248833592534,0.13063763608087092,0.07378335949764521,0.6373626373626373,0.0026158048385717,16.7826,1.325,595000.0,4.060344827586207
E01004047,Southwark 027B,0.7126709135471294,0.2786151024852878,Q5 (worst),0.3409236565522759,147.0,54.0,-93.0,2,Deprived,Double Deprivation,68.73977086743044,0.04392922513727883,0.09334960341671751,0.8627211714460037,0.30774962742175854,0.3740685543964232,0.07600596125186289,0.08520900321543408,0.2942122186495177,0.30385852090032156,0.11254019292604502,0.04147982062780269,0.28139013452914796,0.24887892376681614,0.6260162601626016,0.2601626016260163,0.1426256077795786,0.586709886547812,0.004117899765099,14.5472,0.675,360000.0,4.645
E01004048,Southwark 027C,0.4296905568892919,0.3182462197273581,Q2,0.3473676367692036,34.0,55.0,21.0,3,Family,Housing Advantaged,52.06489675516224,0.04910988336402701,0.07857581338244321,0.8723143032535298,0.5394944707740916,0.19984202211690363,0.07345971563981042,0.05652173913043478,0.3333333333333333,0.336231884057971,0.09420289855072464,0.016483516483516484,0.44945054945054946,0.29010989010989013,0.4841040462427746,0.1893063583815029,0.055312954876273655,0.5909752547307132,0.0030644458193496,11.6454,1.6766666666666663,512250.0,4.468253968253968
E01004049,Southwark 027D,0.5566892897148102,0.2901459542197629,Q3,0.480032311382696,76.0,111.0,35.0,2,Deprived,Mixed,60.0,0.039317507418397624,0.09050445103857567,0.8701780415430267,0.4101068999028183,0.293488824101069,0.09718172983479106,0.055876685934489405,0.2697495183044316,0.36416184971098264,0.14258188824662812,0.028315946348733235,0.35767511177347244,0.2608047690014903,0.5579150579150579,0.20656370656370657,0.11262135922330097,0.5631067961165048,0.0043009331300262,21.3117,1.346,395000.0,4.604330708661418
E01004050,Southwark 024D,0.6484166206351252,0.4395991260086207,Q4,0.1175649823298116,118.0,6.0,-112.0,1,Professional,Housing Deprived,33.56940509915014,0.020833333333333332,0.07686781609195402,0.9022988505747126,0.624693376941946,0.1349141455437449,0.053147996729354045,0.06531881804043546,0.30171073094867806,0.19595645412130638,0.041990668740279936,0.014412416851441241,0.6430155210643016,0.14412416851441243,0.4031746031746032,0.10952380952380952,0.057233704292527825,0.7170111287758346,0.0028884287172844,13.6149,1.1350877192982456,460000.0,4.171898355754858
E01004051,Southwark 027E,0.6800593300827584,0.3479348766036071,Q4,0.17414732933453123,133.0,12.0,-121.0,3,Family,Housing Deprived,36.23853211009174,0.0405616224648986,0.0873634945397816,0.8720748829953198,0.6095325389550871,0.15032080659945005,0.076993583868011,0.11433447098976109,0.33447098976109213,0.22696245733788395,0.04948805460750853,0.02284263959390863,0.5748730964467005,0.18908629441624367,0.39658119658119656,0.10085470085470086,0.04607508532423208,0.6945392491467577,0.0032327708908682,21.4085,0.8965277777777777,420000.0,4.268562401263823
E01004052,Southwark 024E,0.5902985686964966,0.5443401234466425,Q3,0.20377122791542635,104.0,15.0,-89.0,3,Family,Mixed,36.59340659340659,0.030892448512585814,0.08867276887871854,0.8804347826086957,0.5848670756646217,0.1574642126789366,0.08657123381049761,0.07012987012987013,0.312987012987013,0.23506493506493506,0.05194805194805195,0.011711711711711712,0.6063063063063063,0.16396396396396395,0.3953488372093023,0.13953488372093023,0.05584415584415584,0.6831168831168831,0.0028435326413454,13.678,1.2247126436781608,535000.0,4.296892980437284
E01004053,Southwark 001C,0.3807181927181575,0.3642119332716166,Q1 (best),0.5230359426873566,26.0,126.0,100.0,1,Professional,Double Advantage,63.31707317073171,0.012312633832976445,0.08083511777301927,0.9068522483940042,0.6311970979443773,0.1154776299879081,0.09613059250302297,0.046485260770975055,0.3163265306122449,0.18594104308390022,0.02947845804988662,0.012298232129131437,0.6471944657955419,0.12759415833973867,0.33557800224466894,0.06846240179573512,0.03156708004509583,0.7429537767756482,0.0035662366191946,11.503,1.717013888888889,530000.0,4.740784780023781
E01004054,Southwark 001D,0.2902806191139067,0.1956201388942498,Q1 (best),0.5295421727447487,13.0,131.0,118.0,1,Professional,Double Advantage,59.31372549019608,0.020874103065883887,0.06588388780169602,0.91324200913242,0.6169117647058824,0.1125,0.0838235294117647,0.04275862068965517,0.3062068965517241,0.1889655172413793,0.037241379310344824,0.011162790697674419,0.5655813953488372,0.17302325581395347,0.3287671232876712,0.08904109589041095,0.02620689655172414,0.7351724137931035,0.0037349587653837,4.73782,2.4296875,497000.0,4.550471063257066
E01004055,Southwark 001E,0.3537594265877727,0.4523248742670011,Q1 (best),0.408607873879044,20.0,78.0,58.0,2,Deprived,Housing Advantaged,47.72727272727273,0.07738542449286251,0.1382419233658903,0.7843726521412472,0.3162236480293309,0.37396883593033914,0.1154903758020165,0.1311787072243346,0.30228136882129275,0.2832699619771863,0.09885931558935361,0.024350649350649352,0.3538961038961039,0.2597402597402597,0.6886792452830188,0.3150943396226415,0.09659090909090909,0.5776515151515151,0.0029094411453626,4.43278,1.9963768115942029,620000.0,4.518304431599229
E01004056,Southwark 008A,0.5610221616603885,0.4806546254466204,Q3,0.43092137096143307,79.0,87.0,8.0,3,Family,Mixed,57.01519213583557,0.041001294777729826,0.10703495899870523,0.851963746223565,0.5042778057372924,0.23100150981378964,0.08857574232511324,0.054901960784313725,0.3235294117647059,0.2196078431372549,0.041176470588235294,0.0113314447592068,0.5424929178470255,0.14376770538243627,0.4525904203323558,0.1681329423264907,0.06158357771260997,0.6764418377321603,0.0037945510320148,4.48725,1.3373983739837398,506250.0,4.679442508710801
E01004057,Southwark 008B,0.558089906118273,0.2749709111038874,Q3,0.4098145617203874,77.0,80.0,3.0,3,Family,Mixed,43.77394636015325,0.029857397504456328,0.08333333333333333,0.8868092691622104,0.5068719076415613,0.21000549752611325,0.09070918086860913,0.050314465408805034,0.29559748427672955,0.29035639412997905,0.06813417190775681,0.016104294478527608,0.5651840490797546,0.15030674846625766,0.43414120126448896,0.12644889357218125,0.05876180482686254,0.6327387198321092,0.0037453514054431,8.45748,1.347463768115942,490000.0,4.613505747126437
E01004058,Southwark 008C,0.3405936670724467,0.3144833734362695,Q1 (best),0.5315756589792832,17.0,133.0,116.0,1,Professional,Double Advantage,69.29411764705883,0.007075471698113208,0.05070754716981132,0.9422169811320755,0.642903018625562,0.10597302504816955,0.07321772639691715,0.03305785123966942,0.35182998819362454,0.12278630460448642,0.01770956316410862,0.01233616037008481,0.6329992289899768,0.1087124132613724,0.36481700118063753,0.07910271546635184,0.02715466351829988,0.781582054309327,0.0038690961829117,3.33372,1.9730158730158731,425833.0,4.758940397350993
E01004059,Southwark 008D,0.3522611274399779,0.3793107327933823,Q1 (best),0.6392820587990363,19.0,154.0,135.0,1,Professional,Double Advantage,41.913214990138066,0.011127237542331882,0.05563618771165941,0.9332365747460087,0.6419821826280624,0.11247216035634744,0.07071269487750557,0.0223463687150838,0.26033519553072626,0.1877094972067039,0.05027932960893855,0.019417475728155338,0.6449375866851595,0.11511789181692095,0.3463687150837989,0.08156424581005586,0.044642857142857144,0.671875,0.003614081796331,17.7769,2.165503875968992,792500.0,4.567365269461078
E01004060,Southwark 008E,0.3604585101539004,0.1748774625171518,Q1 (best),0.4784796554540464,21.0,110.0,89.0,0,Mixed_0,Housing Advantaged,47.996089931573806,0.051217038539553755,0.11206896551724138,0.8367139959432048,0.4294947121034078,0.2802585193889542,0.06345475910693302,0.06727480045610035,0.3580387685290764,0.22234891676168758,0.09350057012542759,0.01916058394160584,0.4653284671532847,0.18704379562043796,0.5212888377445339,0.20138089758342922,0.04472477064220184,0.676605504587156,0.0035315060367222,19.2869,1.889430894308943,475500.0,4.552795031055901
E01004061,Southwark 025A,0.3829936183287687,0.4700029671449811,Q1 (best),0.2792180652261287,27.0,28.0,1.0,3,Family,Housing Advantaged,35.6651376146789,0.02891566265060241,0.09216867469879518,0.8789156626506024,0.5707248416608023,0.1653764954257565,0.07459535538353272,0.06995884773662552,0.3058984910836763,0.22770919067215364,0.053497942386831275,0.012357414448669201,0.5950570342205324,0.15019011406844107,0.42155525238744884,0.12005457025920874,0.03387533875338753,0.6653116531165312,0.0025129847727824,23.2533,1.8043010752688171,560000.0,4.246973365617434
E01004062,Southwark 025B,0.58680872972606,0.4318070541570496,Q3,0.456619934047589,102.0,100.0,-2.0,0,Mixed_0,Mixed,38.20794590025359,0.046008119079837616,0.08750563824988723,0.8664862426702752,0.4610745614035088,0.24342105263157895,0.07949561403508772,0.06339468302658487,0.3169734151329243,0.25255623721881393,0.1114519427402863,0.01687116564417178,0.5061349693251533,0.17638036809815952,0.5267947421638018,0.19413549039433772,0.05918367346938776,0.6795918367346939,0.0041718971142646,30.5572,1.2662878787878789,468500.0,4.458520179372197
E01004063,Southwark 025C,0.4528556624694126,0.4160019764489802,Q2,0.37418094679260877,37.0,61.0,24.0,3,Family,Housing Advantaged,43.16012725344645,0.03407880724174654,0.10063897763578275,0.8652822151224707,0.5462445685909373,0.1930477963997517,0.08131595282433271,0.11150652431791222,0.34519572953736655,0.22301304863582444,0.051008303677342826,0.0060189165950128975,0.6027515047291487,0.16337059329320722,0.4383720930232558,0.16162790697674417,0.03286384976525822,0.6631455399061033,0.0029383232076773,25.4598,1.6125925925925926,635000.0,4.353535353535354
E01004064,Southwark 026D,0.6025003046492073,0.3355231435507146,Q3,0.3688527929999772,108.0,60.0,-48.0,0,Mixed_0,Mixed,53.12855517633675,0.04842864502833591,0.10510046367851623,0.8464708912931479,0.4052863436123348,0.3241032095657646,0.08055380742605413,0.09500609013398295,0.30694275274056027,0.2789281364190012,0.10962241169305725,0.01839926402943882,0.45998160073597055,0.17847286108555657,0.5670731707317073,0.24878048780487805,0.07168894289185905,0.6257594167679222,0.0037995150340041,20.416,1.1087719298245613,425000.0,4.528445006321112
E01004065,Southwark 025D,0.6331149324364368,0.3328292293262845,Q4,0.21400483301593287,113.0,16.0,-97.0,3,Family,Housing Deprived,39.22413793103448,0.03711066931742876,0.08482438701126574,0.8780649436713055,0.5644654088050315,0.19968553459119498,0.07547169811320754,0.058544303797468354,0.254746835443038,0.24208860759493672,0.02689873417721519,0.013829787234042552,0.6180851063829788,0.13617021276595745,0.4050632911392405,0.1439873417721519,0.05845181674565561,0.6050552922590837,0.0026059347418027,21.1206,0.9595238095238094,650000.0,4.3087149187592315
E01004066,Southwark 025E,0.674429587322687,0.3368179288317837,Q4,0.2948733109689517,129.0,36.0,-93.0,0,Mixed_0,Housing Deprived,48.42562432138979,0.03870043000477783,0.10272336359292882,0.8585762064022934,0.39688249400479614,0.2751798561151079,0.09532374100719425,0.05785123966942149,0.282172373081464,0.30460448642266824,0.1192443919716647,0.021004566210045664,0.4703196347031963,0.17534246575342466,0.528169014084507,0.21830985915492956,0.09090909090909091,0.628099173553719,0.0034156461896569,23.8717,0.7662280701754386,507500.0,4.465005931198102
E01004067,Southwark 022E,0.3420156826512924,0.3587207485403865,Q1 (best),0.5272817113751658,18.0,129.0,111.0,2,Deprived,Housing Advantaged,50.33686236766122,0.04609127880704925,0.09850881156800723,0.8553999096249435,0.3013698630136986,0.35232876712328765,0.08821917808219178,0.051336898395721926,0.3411764705882353,0.2695187165775401,0.1144385026737968,0.03504273504273504,0.29914529914529914,0.25811965811965815,0.6448497854077253,0.2521459227467811,0.0719656283566058,0.6090225563909775,0.0038718970440425,39.3049,1.7394977168949772,380000.0,4.532571428571429
E01004068,Southwark 026E,0.6981493900632073,0.3915757384762279,Q4,0.26701247120538296,139.0,26.0,-113.0,2,Deprived,Housing Deprived,48.14070351758794,0.07195378151260504,0.11922268907563026,0.8088235294117647,0.333955223880597,0.3407960199004975,0.0945273631840796,0.15770171149144255,0.36552567237163813,0.22249388753056235,0.09046454767726161,0.013918629550321198,0.44325481798715205,0.17880085653104924,0.6088560885608856,0.27060270602706027,0.08957055214723926,0.6539877300613497,0.0033507415960379,17.4789,0.7158730158730159,478500.0,4.516587677725118
E01004069,Southwark 031A,0.5492521741092379,0.7007204984811168,Q3,0.3570726412888391,73.0,57.0,-16.0,3,Family,Mixed,14.684014869888475,0.02474864655839134,0.065738592420727,0.9095127610208816,0.6547263681592039,0.10049751243781095,0.06368159203980099,0.1108786610878661,0.20502092050209206,0.3472803347280335,0.03138075313807531,0.006633499170812604,0.6650082918739635,0.11774461028192372,0.34439834024896265,0.05186721991701245,0.10882956878850103,0.5277207392197125,0.0011927250959909,6.49154,2.0838235294117644,1595000.0,3.94234592445328
E01004070,Southwark 031B,0.5707151806420221,0.4546174131351384,Q3,0.047311631778768105,90.0,2.0,-88.0,3,Family,Mixed,16.729088639201,0.04759467758444217,0.0736949846468782,0.8787103377686797,0.5833887043189369,0.16877076411960132,0.06843853820598006,0.0905292479108635,0.2214484679665738,0.3955431754874652,0.07103064066852367,0.0070921985815602835,0.6453900709219859,0.11651469098277609,0.40109140518417463,0.10504774897680765,0.07336956521739131,0.5149456521739131,0.0018474113252842,13.7166,1.4352380952380952,670000.0,3.977631578947368
E01004071,Southwark 030D,0.7496303091771558,0.4364100858173735,Q5 (worst),0.07203136152347034,159.0,5.0,-154.0,3,Family,Housing Deprived,19.16083916083916,0.04578155657292348,0.1092217135382603,0.8449967298888162,0.5077047850770479,0.21735604217356042,0.07785888077858881,0.09748427672955975,0.29245283018867924,0.3160377358490566,0.07861635220125786,0.007042253521126761,0.5481220657276995,0.1596244131455399,0.4522691705790297,0.19248826291079812,0.0703125,0.609375,0.002906816654577,11.1411,1.04,523000.0,4.058992805755396
E01004072,Southwark 030E,0.7903254013031452,0.3333239803458064,Q5 (worst),0.0,164.0,1.0,-163.0,3,Family,Housing Deprived,17.19939117199391,0.02333931777378815,0.0843806104129264,0.8922800718132855,0.6163663663663663,0.13213213213213212,0.06606606606606606,0.07877813504823152,0.18810289389067525,0.3633440514469453,0.04501607717041801,0.014207650273224045,0.6459016393442623,0.126775956284153,0.3403225806451613,0.06935483870967742,0.07028753993610223,0.5287539936102237,0.0016833544134686,10.2607,0.8444444444444444,902000.0,3.948303715670437
E01004073,Southwark 031C,0.6759020127321148,0.7413458081390901,Q4,0.1743169305557523,130.0,13.0,-117.0,3,Family,Housing Deprived,22.018348623853218,0.02058047493403694,0.07071240105540898,0.9087071240105541,0.6189131968948482,0.1305575158786168,0.07833450952717008,0.08948863636363637,0.20738636363636365,0.40767045454545453,0.05539772727272727,0.006937561942517344,0.6590683845391476,0.1110009910802775,0.35,0.08714285714285715,0.08608321377331421,0.509325681492109,0.0019808957315048,18.2363,1.2045454545454546,980000.0,4.0272479564032695
E01004074,Southwark 031D,0.8122097813442327,0.6197732768191693,Q5 (worst),0.062238076907153245,167.0,4.0,-163.0,3,Family,Housing Deprived,14.26448736998514,0.024575775307197192,0.06319485078993564,0.9122293739028672,0.6225854383358098,0.08989598811292719,0.08320950965824665,0.11563517915309446,0.18241042345276873,0.3729641693811075,0.050488599348534204,0.015494636471990465,0.66626936829559,0.10488676996424315,0.36348949919224555,0.0888529886914378,0.09178743961352658,0.4943639291465378,0.0014642227054181,18.376,0.836111111111111,1147500.0,3.872
E01004075,Southwark 031E,0.7264202266362394,0.7215949700056694,Q5 (worst),0.2843273756263367,153.0,31.0,-122.0,3,Family,Housing Deprived,13.90922401171303,0.023892773892773892,0.05536130536130536,0.9207459207459208,0.6865900383141762,0.0681992337164751,0.05747126436781609,0.1035031847133758,0.1592356687898089,0.42197452229299365,0.05732484076433121,0.008225616921269096,0.6944770857814336,0.07873090481786134,0.272,0.0432,0.08589951377633712,0.4846029173419773,0.0013200935546931,5.99604,1.5964646464646464,1675000.0,3.8421875
E01032583,Southwark 034D,0.5668828636061449,0.6790610427471221,Q3,0.9184747234903216,83.0,172.0,89.0,0,Mixed_0,Mixed,47.78761061946903,0.036062378167641324,0.08528265107212475,0.8786549707602339,0.4383561643835616,0.2146118721461187,0.07534246575342465,0.04777415852334419,0.3702497285559175,0.20846905537459284,0.10423452768729642,0.022644927536231884,0.5036231884057971,0.2708333333333333,0.509229098805646,0.17263843648208468,0.04139433551198257,0.7309368191721133,0.0045155427292745,100.926,0.6336363636363637,950000.0,4.65
E01032584,Southwark 034E,0.4429267452007578,0.2675529669325746,Q2,0.8200228978360454,36.0,166.0,130.0,0,Mixed_0,Housing Advantaged,60.92619392185239,0.04528582034149963,0.10467706013363029,0.85003711952487,0.388653683319221,0.2472480948348857,0.07705334462320068,0.07610619469026549,0.3415929203539823,0.21061946902654868,0.07079646017699115,0.015988372093023256,0.4738372093023256,0.2921511627906977,0.552212389380531,0.18761061946902655,0.0549645390070922,0.6400709219858156,0.0043241407583761,121.887,0.7785185185185185,495000.0,4.600903614457831
E01032637,Southwark 035E,0.6866168661101588,0.5448880344090927,Q4,0.6246039150059182,134.0,151.0,17.0,1,Professional,Housing Deprived,65.66347469220246,0.0076263107721639654,0.042897998093422304,0.9494756911344138,0.6696165191740413,0.04228121927236971,0.04228121927236971,0.012411347517730497,0.46099290780141844,0.05319148936170213,0.005319148936170213,0.011568123393316195,0.7416452442159382,0.18123393316195371,0.2918149466192171,0.04804270462633452,0.0035460992907801418,0.9184397163120568,0.0045303345791763,25.3849,1.0481481481481485,734975.0,4.674772036474164
E01032638,Southwark 035D,0.7034946645418025,0.2676139831679873,Q5 (worst),0.4049198946967941,141.0,75.0,-66.0,1,Professional,Housing Deprived,56.19047619047619,0.007246376811594203,0.06793478260869565,0.9248188405797102,0.7673745173745173,0.04343629343629344,0.05694980694980695,0.03865546218487395,0.3697478991596639,0.09243697478991597,0.01680672268907563,0.005834305717619603,0.7526254375729288,0.14585764294049008,0.2684563758389262,0.028523489932885907,0.008389261744966443,0.8422818791946308,0.0035883324721292,9.37779,0.7907407407407407,675000.0,4.673144876325089
E01032639,Southwark 014F,0.4640741231537809,0.6023615961514828,Q2,0.8189757235864423,44.0,165.0,121.0,1,Professional,Housing Advantaged,44.4153577661431,0.024530271398747392,0.08455114822546973,0.8909185803757829,0.4547550432276657,0.14466858789625361,0.05590778097982709,0.05784061696658098,0.35347043701799485,0.15295629820051415,0.06812339331619537,0.023318385650224215,0.5515695067264574,0.25112107623318386,0.4099616858237548,0.12899106002554278,0.04081632653061224,0.7704081632653061,0.0051973817047521,57.9769,1.4830729166666667,522500.0,4.699859747545582
E01032640,Southwark 035B,0.536410844155795,0.0186334550875869,Q3,0.494122696950954,67.0,117.0,50.0,1,Professional,Mixed,52.054794520547944,0.00676328502415459,0.05990338164251208,0.9333333333333333,0.7869520897043832,0.047910295616717634,0.029561671763506627,0.031198686371100164,0.44170771756978655,0.07060755336617405,0.009852216748768473,0.009626955475330927,0.7280385078219013,0.17087845968712395,0.2883031301482702,0.019769357495881382,0.0016420361247947454,0.8981937602627258,0.0031998208976186,25.0381,1.3412698412698414,830000.0,4.51304347826087
E01032646,Southwark 036B,0.5141116507968286,0.3069665773025499,Q2,0.6233630770823104,61.0,150.0,89.0,1,Professional,Housing Advantaged,57.60456273764258,0.022397891963109356,0.08695652173913043,0.8906455862977603,0.6309263311451495,0.12983223924142961,0.058351568198395334,0.04488778054862843,0.4089775561097257,0.1172069825436409,0.04114713216957606,0.010387157695939566,0.6345609065155807,0.22096317280453256,0.34739454094292804,0.0880893300248139,0.019851116625310174,0.8213399503722084,0.0042779476140669,51.0127,1.1298850574712644,537500.0,4.636054421768708
E01032719,Southwark 014G,0.7301716411652411,0.4789000154915198,Q5 (worst),0.5552609915665744,155.0,139.0,-16.0,0,Mixed_0,Housing Deprived,30.011074197120703,0.04561161022805805,0.1022805805114029,0.8521078092605391,0.3998397435897436,0.26282051282051283,0.05929487179487179,0.05707196029776675,0.5074441687344913,0.15632754342431762,0.0794044665012407,0.023514851485148515,0.49257425742574257,0.24628712871287128,0.48064918851435706,0.17852684144818975,0.02375,0.815,0.0050771845808063,65.755,0.575,375000.0,4.464814814814815
E01033873,Southwark 009G,0.5850612932259673,0.5707293394233071,Q3,0.7703002040807224,98.5,162.0,63.5,2,Deprived,Mixed,41.92992533026996,0.038461538461538464,0.10067873303167421,0.8608597285067874,0.2784636488340192,0.2962962962962963,0.06584362139917696,0.03692762186115214,0.33234859675036926,0.2865583456425406,0.1240768094534712,0.03753026634382567,0.3644067796610169,0.31113801452784506,0.5665680473372781,0.22781065088757396,0.08888888888888889,0.6548148148148148,0.0057904495830111,58.5998,1.1376984126984129,355000.0,4.6909272183449655
E01033874,Southwark 009H,0.5850612932259673,0.5707293394233071,Q3,0.7934613766708677,98.5,163.0,64.5,1,Professional,Mixed,0.6045949214026602,0.01391304347826087,0.04434782608695652,0.9417391304347826,0.5424044734389561,0.07269338303821063,0.032618825722273995,0.001597444089456869,0.3306709265175719,0.07028753993610223,0.03514376996805112,0.02170767004341534,0.7004341534008683,0.17221418234442837,0.3194888178913738,0.05591054313099041,0.012841091492776886,0.8876404494382022,0.0049921100692918,58.5998,1.0031746031746032,355000.0,5.0
E01033875,Southwark 012G,0.5695793563416512,0.4515694749517852,Q3,0.6152587704870767,86.0,149.0,63.0,0,Mixed_0,Mixed,17.857142857142858,0.05083459787556904,0.07207890743550835,0.8770864946889226,0.4824399260628466,0.2587800369685767,0.07578558225508318,0.09486780715396578,0.38724727838258166,0.2099533437013997,0.1119751166407465,0.011034482758620689,0.5627586206896552,0.2193103448275862,0.478125,0.1921875,0.04716981132075472,0.7484276729559748,0.0046516202759685,45.0002,1.3376068376068375,560000.0,4.483443708609271
E01033876,Southwark 012H,0.5695793563416512,0.4515694749517852,Q3,0.6028716016174713,86.0,148.0,62.0,1,Professional,Mixed,21.801566579634464,0.0184,0.0592,0.9224,0.5837651122625216,0.12867012089810018,0.06390328151986183,0.022970903522205207,0.3552833078101072,0.11179173047473201,0.04900459418070444,0.023337222870478413,0.6231038506417736,0.22170361726954493,0.2998477929984779,0.0745814307458143,0.013740458015267175,0.815267175572519,0.0042594599147052,45.0002,1.2595238095238095,560000.0,4.5814814814814815
E01033877,Southwark 012I,0.5695793563416512,0.4515694749517852,Q3,0.6398731917896536,86.0,155.0,69.0,0,Mixed_0,Mixed,37.6770538243626,0.04145077720207254,0.09196891191709844,0.866580310880829,0.424886191198786,0.29817905918057663,0.07283763277693475,0.0629575402635432,0.31771595900439237,0.20351390922401172,0.08345534407027819,0.021300448430493273,0.49327354260089684,0.257847533632287,0.4824561403508772,0.17982456140350878,0.060117302052785926,0.6964809384164223,0.0042681712663013,45.0002,1.7366666666666668,560000.0,4.498947368421053
E01032803,Southwark 036C,0.4987611555395754,0.44963288928057,Q2,0.7450280775201669,56.0,161.0,105.0,1,Professional,Housing Advantaged,58.036677454153185,0.021941489361702128,0.05452127659574468,0.9235372340425532,0.6646928201332346,0.12065136935603257,0.06217616580310881,0.026888604353393086,0.36619718309859156,0.13188220230473752,0.05121638924455826,0.012048192771084338,0.6635773864689527,0.20852641334569044,0.3362944162436548,0.07741116751269035,0.021573604060913704,0.817258883248731,0.0044596582325658,59.5684,0.9527777777777778,600000.0,4.816074188562596
E01033882,Southwark 022G,0.4716150029712617,0.3063330611213841,Q2,0.3783142163896289,45.5,63.0,17.5,2,Deprived,Housing Advantaged,47.84688995215311,0.05035460992907802,0.12411347517730496,0.825531914893617,0.3344316309719934,0.32042833607907745,0.06672158154859967,0.07228915662650602,0.3493975903614458,0.22203098106712565,0.07917383820998279,0.026595744680851064,0.41356382978723405,0.23138297872340424,0.6051282051282051,0.2923076923076923,0.11428571428571428,0.6336134453781512,0.0032785024511929,26.6419,1.4348484848484848,500000.0,4.445193929173693
E01033883,Southwark 022H,0.4716150029712617,0.3063330611213841,Q2,0.31353994041498506,45.5,43.0,-2.5,0,Mixed_0,Housing Advantaged,15.24822695035461,0.03759398496240601,0.10401002506265664,0.8583959899749374,0.36128048780487804,0.3277439024390244,0.11204268292682927,0.04930662557781202,0.31432973805855163,0.2696456086286595,0.11864406779661017,0.01893491124260355,0.4153846153846154,0.21420118343195266,0.5394126738794436,0.21792890262751158,0.1119751166407465,0.5878693623639192,0.0037769672091757,26.6419,1.7488505747126435,500000.0,4.046948356807512
E01032834,Southwark 035C,0.7899367459683913,0.4746078665669621,Q5 (worst),0.4998540563183339,163.0,119.0,-44.0,1,Professional,Housing Deprived,56.060606060606055,0.009765625,0.05078125,0.939453125,0.7642276422764228,0.05386178861788618,0.05894308943089431,0.03571428571428571,0.43993506493506496,0.05357142857142857,0.00974025974025974,0.015018773466833541,0.7309136420525657,0.15644555694618273,0.3209677419354839,0.054838709677419356,0.001607717041800643,0.9308681672025724,0.0036233994331556,11.0725,0.8686666666666666,1000000.0,4.572789115646258
