lsoa21cd,lsoa21nm,cluster_type,pop_label,joint_type,housing_score,pop_score,joint_score,pop_vuln_score,priority_score,priority_tier,HEI_bayes,HEI_adjusted,pct_poor_health,pct_low_nssec,pct_elderly_alone,pct_dep_children,pct_deprived_2plus,pct_long_commute,pct_large_hh,avg_epc_rating_num_al,overcrowding_proxy_al,median_house_price_al,transport_ptai_al,hospital_al
E01003911,Southwark 020A,C,Deprived,Housing Disadvantage,3,4,7,0.502876829960486,0.7745664739884393,Tier 5 (highest),0.7241198875528306,0.3280765899708554,0.0377809660449545,0.302741358760429,0.0542328042328042,0.3306878306878307,0.2250332889480692,0.0235294117647058,0.1205298013245033,0.5014798404726882,0.6421849822839356,0.1049019994478848,0.8966846713718452,0.8131177614892235
E01003912,Southwark 019A,C,Deprived,Housing Disadvantage,3,4,7,0.6356052326424103,0.9190751445086704,Tier 5 (highest),0.7889974912816958,0.3320178947785282,0.0423901940755873,0.3983516483516483,0.0465465465465465,0.4444444444444444,0.2754491017964072,0.0330459770114942,0.1263001485884101,0.6590489873465287,0.7169541339624299,0.1640572622944364,0.9050962714052008,0.7491471233503847
E01003913,Southwark 024A,D,Family,Housing Disadvantage,4,2,6,0.33751674233233736,0.5115606936416185,Tier 3,0.6759662793958232,0.2592512200463158,0.0215897939156035,0.2073863636363636,0.07168458781362,0.2556750298685782,0.1137440758293838,0.0194647201946472,0.0681818181818181,0.5924729328840064,0.3536115008475993,0.3020862089363901,0.7842369340098798,0.8674025864626229
E01003914,Southwark 024B,D,Family,Housing Disadvantage,4,2,6,0.3977554132575053,0.5982658959537572,Tier 4,0.6886343826471837,0.1396607348973219,0.0404749055585536,0.2,0.0868347338935574,0.226890756302521,0.1833333333333333,0.016873889875666,0.0861111111111111,0.6743681011950513,0.29459545139854,0.2567338407540339,0.9011854424484872,0.8419378993104314
E01003915,Southwark 024C,C,Mixed_0,Double Disadvantage,3,3,6,0.5072791970351712,0.4595375722543352,Tier 2,0.4546784957616913,0.3870516851347437,0.0561252023745277,0.329137822529893,0.065081351689612,0.2265331664580726,0.2327909887359199,0.0296846011131725,0.0736579275905118,0.3092087515737791,0.476552293942043,0.1045076310289078,0.9684277503054196,0.628479731176469
E01003916,Southwark 020B,C,Mixed_0,Double Disadvantage,3,3,6,0.3810943694618255,0.4595375722543352,Tier 2,0.579094488852276,0.2591763188229334,0.021982579842389,0.2622632345798931,0.0539647577092511,0.2433920704845815,0.1533406352683461,0.0205278592375366,0.1017699115044247,0.4945867365719868,0.4615531837111243,0.0974089994873216,0.9696229792612254,0.7052219472226638
E01003917,Southwark 020C,C,Mixed_0,Double Disadvantage,3,3,6,0.46995796104005233,0.5838150289017341,Tier 4,0.5856230187881901,0.2700238871580765,0.0465608465608465,0.3125,0.1154285714285714,0.1965714285714285,0.2334096109839817,0.018095238095238,0.0619977037887485,0.4914889773533787,0.4987079504941082,0.0560003154947355,0.9195140835664044,0.7256426381807056
E01003918,Southwark 020D,C,Deprived,Housing Disadvantage,3,4,7,0.5981004602345984,0.9132947976878613,Tier 5 (highest),0.8231904372819979,0.2919379131866799,0.0546075085324232,0.3657937806873977,0.1612903225806451,0.2319508448540706,0.3050847457627119,0.0201072386058981,0.0775193798449612,0.4879386155019899,0.6706635307058412,0.0694088417399538,0.8504286472268765,0.958337632519612
E01003919,Southwark 021A,D,Mixed_0,Double Disadvantage,4,3,7,0.3752479781004939,0.5057803468208093,Tier 3,0.6377960761258022,0.2267533507595296,0.0370607028753993,0.2613138686131387,0.0802919708029197,0.2,0.1762114537444934,0.0123456790123456,0.0773722627737226,0.6398563445168872,0.3870245295645725,0.2054659462870225,0.829860507024521,0.7802942762330798
E01003920,Southwark 021B,C,Deprived,Housing Disadvantage,3,4,7,0.532355314123956,0.7947976878612717,Tier 5 (highest),0.7180475139463978,0.4093727452427056,0.0541310541310541,0.3575967648757943,0.0637583892617449,0.2874720357941834,0.243688254665203,0.0263157894736842,0.0814977973568281,0.449620898484201,0.7636602938906087,0.0319438419371378,0.8167801734831903,0.8048487185417774
E01003921,Southwark 021C,C,Mixed_0,Double Disadvantage,3,3,6,0.36778815747775795,0.6647398843930636,Tier 4,0.8288735395136897,0.4482732256015683,0.0380208333333333,0.2898809523809524,0.0552763819095477,0.1839195979899497,0.1880687563195146,0.0210970464135021,0.0313131313131313,0.4277805654829012,0.8029242250520388,0.112789367827425,0.6942277333078287,0.9859558459632976
E01003922,Southwark 021D,C,Deprived,Housing Disadvantage,3,4,7,0.5077151087779476,0.777456647398844,Tier 5 (highest),0.7158767371342343,0.4639379915461886,0.0384443451050514,0.3554817275747508,0.0699588477366255,0.2860082304526748,0.2345041322314049,0.0281329923273657,0.0694300518134715,0.4833716959365104,0.7961028376911361,0.0891272626888044,0.7637610694642443,0.7791025920782435
E01003923,Southwark 017A,D,Mixed_0,Double Disadvantage,4,3,7,0.4720783492309248,0.7745664739884393,Tier 5 (highest),0.7931648398525535,0.2461043747022934,0.0471524800979791,0.2691237830319888,0.0864197530864197,0.2002743484224965,0.217032967032967,0.0330138445154419,0.0519125683060109,0.608000753426206,0.4759895495666668,0.2476633671175626,0.8374882823783233,0.915279651179572
E01003924,Southwark 021E,C,Deprived,Housing Disadvantage,3,4,7,0.6447209140607851,0.9595375722543353,Tier 5 (highest),0.9681921684695026,0.3818900612605715,0.0457360647927584,0.447417548226509,0.1158940397350993,0.3200883002207506,0.2502756339581036,0.0337078651685393,0.0989988876529477,0.6246570299908301,0.9653065783321814,0.0437748945064482,0.8041176724099286,0.9298881016144104
E01003925,Southwark 020E,C,Deprived,Housing Disadvantage,3,4,7,0.5138535543954659,0.7514450867052023,Tier 5 (highest),0.6944988244331239,0.3306251489733597,0.0394088669950738,0.3589285714285714,0.0747330960854092,0.2680901542111507,0.2541766109785203,0.0231053604436229,0.0929678188319427,0.4916831448575672,0.6002176109763876,0.1206767362069652,0.8716354593903496,0.8101556502683245
E01003926,Southwark 021F,C,Deprived,Housing Disadvantage,3,4,7,0.5585154247543761,0.5664739884393064,Tier 3,0.5027690401675493,0.2910807485849014,0.0408017179670723,0.3307823129251701,0.1119005328596802,0.2841918294849023,0.2081128747795414,0.0318379160636758,0.1035087719298245,0.3995678236446391,0.4439029712752598,0.037070631383839,0.8855929300730853,0.7275235989017106
E01033867,Southwark 002F,B,Mixed_0,Population Disadvantage,2,3,5,0.32919900709679845,0.44653179190751446,Tier 2,0.639090244958512,0.6387053819845686,0.0348837209302325,0.1748750892219843,0.0748752079866888,0.1613976705490848,0.1818181818181818,0.0211640211640211,0.0329489291598023,0.4653426531508211,0.7627511462847016,0.1837756832432869,0.220330027743173,0.9368342208484076
E01033868,Southwark 002G,B,Professional,Double Advantage,2,1,3,0.09917872454876364,0.34826589595375723,Tier 2,0.639090244958512,0.8517897439681303,0.0106458481192335,0.0577211394302848,0.0264026402640264,0.0907590759075907,0.0630182421227197,0.0149253731343283,0.0083056478405315,0.4653426531508211,0.7627511462847016,0.1837756832432869,0.220330027743173,0.9368342208484076
E01003929,Southwark 002B,B,Professional,Double Advantage,2,1,3,0.24812429534256836,0.17630057803468208,Tier 1 (lowest),0.4606973221719709,0.8339787116412037,0.0400200100050025,0.163037409268565,0.0585501858736059,0.1226765799256505,0.1551401869158878,0.0086750788643533,0.0289719626168224,0.3773906254142094,0.6168431820158373,0.4578617344323092,0.0876137868619089,0.8087073105131508
E01003930,Southwark 034A,B,Mixed_0,Population Disadvantage,2,3,5,0.3976765930635539,0.3236994219653179,Tier 2,0.4566878630571802,0.7091470683715613,0.0443425076452599,0.1813441483198146,0.0623342175066313,0.2241379310344827,0.1509433962264151,0.037037037037037,0.0308310991957104,0.5820738734818338,0.5720040734100201,0.3689316559529934,0.021438662527019,0.7899523013623331
E01003932,Southwark 034B,B,Mixed_0,Population Disadvantage,2,3,5,0.4535935440552456,0.4710982658959537,Tier 3,0.5410576756083468,0.5305476852734307,0.0544394037589112,0.303054032889585,0.0463096960926193,0.2329956584659913,0.2478260869565217,0.0205391527599486,0.0677233429394812,0.5864885676972859,0.6430303693122632,0.112789367827425,0.2334787904231947,0.832287736888203
E01003933,Southwark 034C,B,Mixed_0,Population Disadvantage,2,3,5,0.32056609249782114,0.20520231213872833,Tier 1 (lowest),0.4366204134506616,0.51667408990818,0.0329531051964512,0.1877053026748005,0.0492610837438423,0.1458128078817734,0.1354268891069676,0.0273764258555133,0.0558276199804113,0.4731770339639269,0.4937352281419864,0.1823662105138631,0.3844189551040757,0.7626333364574462
E01003934,Southwark 002C,B,Professional,Double Advantage,2,1,3,0.2540395611222083,0.25722543352601157,Tier 1 (lowest),0.5393806767688355,0.8523692668338633,0.0414534288638689,0.1458333333333333,0.1011638316920322,0.0796777081468218,0.1125112511251125,0.0137575236457437,0.0151921358355674,0.2097162606382708,0.4227049192769363,0.7753283117088029,0.2584595732659991,0.931432115800243
E01003935,Southwark 002D,B,Mixed_0,Population Disadvantage,2,3,5,0.4726213377119911,0.3930635838150289,Tier 2,0.4161770352722079,0.4782237618247631,0.0435458786936236,0.2040280210157618,0.1244131455399061,0.2300469483568075,0.2369668246445497,0.024,0.0687203791469194,0.4225937408335964,0.4071543967857197,0.1640572622944364,0.3043890037944872,0.85960305991305
E01003936,Southwark 009A,B,Professional,Double Advantage,2,1,3,0.1576329017887783,0.28034682080924855,Tier 1 (lowest),0.5702553135432142,0.5731075347428718,0.0192423331328923,0.0492449113591595,0.0598290598290598,0.1538461538461538,0.0725388601036269,0.010559662090813,0.0258175559380378,0.3573783111989577,0.5301783585011798,0.3277201561698958,0.4675479169522691,0.887235973722249
E01003937,Southwark 009B,B,Professional,Double Advantage,2,1,3,0.25048767716271636,0.49710982658959535,Tier 3,0.7258128277394432,0.5672154967797488,0.0286271958360442,0.1827880512091038,0.0406824146981627,0.1089238845144357,0.1341145833333333,0.0182002022244691,0.0405759162303664,0.5865706677325779,0.8123509244652078,0.1443388413455859,0.2533325718898198,0.9566528291309402
E01003938,Southwark 006A,B,Mixed_0,Population Disadvantage,2,3,5,0.436574676390389,0.5722543352601156,Tier 4,0.6164929149504809,0.6425336627149404,0.0425764192139738,0.260327868852459,0.0513157894736842,0.2434210526315789,0.2234042553191489,0.0225988700564971,0.0857908847184986,0.2566126428011092,0.7646969771028799,0.1246204203967353,0.3821213949322632,0.9590581076529254
E01003939,Southwark 002E,B,Professional,Double Advantage,2,1,3,0.2299742856093421,0.2543352601156069,Tier 1 (lowest),0.5419942387260138,0.8138058328054026,0.0278481012658227,0.1455660903513664,0.0273660205245153,0.1322690992018244,0.1423690205011389,0.0168888888888888,0.0363636363636363,0.2874740823122035,0.770283300801379,0.2784241037977695,0.1173576524796715,0.9175695119749752
E01003940,Southwark 006B,C,Deprived,Housing Disadvantage,3,4,7,0.48925446390032923,0.7283236994219653,Tier 5 (highest),0.7039046743478563,0.5568258621861716,0.0532915360501567,0.3213740458015267,0.0796178343949044,0.2770700636942675,0.242472266244057,0.0117035110533159,0.1026856240126382,0.3129476954107932,0.8134345835395185,0.1305359466813905,0.7227917146857344,0.8527304727418427
E01003941,Southwark 006C,C,Professional,Housing Disadvantage,3,1,4,0.2717728473383456,0.5260115606936416,Tier 3,0.7404877970963869,0.4829200030822045,0.0317540322580645,0.1885057471264367,0.0498442367601246,0.1734164070612668,0.1382536382536382,0.0132090132090132,0.0414507772020725,0.3082418598879214,0.5743643353147747,0.3511850770990279,0.8382710702527449,0.9045364716769084
E01003942,Southwark 006D,C,Deprived,Housing Disadvantage,3,4,7,0.5504136034012027,0.5780346820809248,Tier 4,0.5270805092657501,0.5111443865623838,0.046202867764206,0.2729748127978216,0.0759493670886076,0.3306962025316455,0.2841444270015698,0.0213049267643142,0.1362916006339144,0.3834198819722266,0.6281178040043253,0.1541980518200111,0.7332644833208788,0.68206312947592
E01003943,Southwark 009C,B,Deprived,Transitional,2,4,6,0.5505312198323591,0.8092485549132948,Tier 5 (highest),0.7042623031951204,0.5562997135907525,0.0508701472556894,0.3863453815261044,0.06984667802385,0.2674616695059625,0.2559322033898305,0.0244215938303341,0.1071428571428571,0.5210344239299767,0.7803234095519416,0.1640572622944364,0.3688565100774926,0.9381643287868328
E01003945,Southwark 033A,A,Family,Transitional,1,2,3,0.36142427608469674,0.1791907514450867,Tier 1 (lowest),0.0947922347739692,0.2579851942249335,0.0253894979803808,0.1761695906432748,0.09375,0.3260869565217391,0.1153846153846153,0.0172786177105831,0.058663028649386,0.7287363351036243,0.1764350811755929,0.1206767362069652,0.9780924330209292,0.1089193610357328
E01003946,Southwark 033B,A,Family,Transitional,1,2,3,0.46194925351770627,0.31213872832369943,Tier 1 (lowest),0.2725840948484976,0.2654387483078683,0.036144578313253,0.1877523553162853,0.1302631578947368,0.3552631578947368,0.1326259946949602,0.0199115044247787,0.0972037283621837,0.6796162129466683,0.1742788419356301,0.2665930512284591,0.9530280836845112,0.3354089034810311
E01003947,Southwark 033C,A,Deprived,Transitional,1,4,5,0.6530242210163453,0.49421965317919075,Tier 3,0.1922285696013202,0.5805896954925229,0.0436408977556109,0.3910422049956933,0.0678807947019867,0.4652317880794702,0.3031825795644891,0.0314960629921259,0.1056105610561056,0.422777268599905,0.6805398998393177,0.0047324210277241,0.9530616761707776,0.1434100566008039
E01003948,Southwark 033D,C,Family,Housing Disadvantage,3,2,5,0.3123991805129381,0.2861271676300578,Tier 1 (lowest),0.5303302436115558,0.3080631494930468,0.028,0.1725852272727272,0.0888610763454317,0.2941176470588235,0.1132075471698113,0.0119880119880119,0.0314465408805031,0.5438061260201106,0.4778146764118346,0.112789367827425,0.8852414531334443,0.6383974100714216
E01003949,Southwark 032A,A,Family,Transitional,1,2,3,0.3621131892284167,0.18208092485549132,Tier 1 (lowest),0.0922606466817343,0.4657787171929789,0.0435706695005313,0.170873786407767,0.0741599073001158,0.2595596755504055,0.1574074074074074,0.0186393289841565,0.0450346420323325,0.5386854565629311,0.4086395450536496,0.1039160784004423,0.9514396982227704,0.0888165152170047
E01003950,Southwark 032B,A,Deprived,Transitional,1,4,5,0.5357719555308583,0.37572254335260113,Tier 2,0.0176563536521614,0.549323163723253,0.0548289738430583,0.3114856429463171,0.0761670761670761,0.3402948402948403,0.2272727272727272,0.0262881177707676,0.0776818742293464,0.3946201866769475,0.4632126514450421,0.0437748945064482,0.9547735451237016,0.0417547100345367
E01003951,Southwark 033E,D,Family,Housing Disadvantage,4,2,6,0.3954564831159823,0.37283236994219654,Tier 2,0.5091022174688566,0.0495387872992774,0.0282828282828282,0.1483333333333333,0.1341911764705882,0.2886029411764705,0.1197822141560798,0.0199692780337941,0.0723327305605786,0.8704337926452608,0.0525085088808562,0.3454667350238612,0.993503815539826,0.5635527290088169
E01003952,Southwark 030A,D,Family,Housing Disadvantage,4,2,6,0.33433800537058633,0.6069364161849711,Tier 4,0.8041334029991286,0.1528546185028649,0.031363088057901,0.1646706586826347,0.0690161527165932,0.2980910425844346,0.1193595342066957,0.0170340681362725,0.0537790697674418,0.7313134986839334,0.3139759687017317,0.3612414717829417,0.873194814308403,0.9083281820896132
E01003953,Southwark 028A,D,Family,Housing Disadvantage,4,2,6,0.2623867520979922,0.5346820809248555,Tier 3,0.7689716171896053,0.1320414361355029,0.0384615384615384,0.1461716937354988,0.0748155953635405,0.2012644889357218,0.1178343949044586,0.0075757575757575,0.0327004219409282,0.6517141008742429,0.4219432603555071,0.1325077887762756,0.8637899549588937,0.9335828458878134
E01003954,Southwark 030B,D,Family,Housing Disadvantage,4,2,6,0.29628106008935745,0.4248554913294798,Tier 2,0.6479969600932493,0.1970753938848461,0.0276903713027061,0.1478816946442845,0.0785498489425981,0.3293051359516616,0.1062215477996965,0.0074786324786324,0.0441400304414003,0.6571860012041231,0.2697825575929146,0.3415230508340912,0.91613824605764,0.7691641776218913
E01003955,Southwark 028B,D,Family,Housing Disadvantage,4,2,6,0.3579659321731747,0.3872832369942196,Tier 2,0.563351045183945,0.2974573808918541,0.036036036036036,0.2002592352559948,0.0954712362301101,0.2717258261933905,0.184634448574969,0.0073597056117755,0.0493218249075215,0.6396796798098494,0.3449151708251135,0.3438892613479533,0.929522363502554,0.6138396764675379
E01003956,Southwark 030C,D,Family,Housing Disadvantage,4,2,6,0.3564651915557469,0.5953757225433526,Tier 4,0.7273365271324862,0.1221148505802706,0.0410367170626349,0.1357435197817189,0.0694822888283378,0.3433242506811989,0.1009549795361528,0.0167910447761194,0.0711354309165526,0.680413414328207,0.2992910582226801,0.2656071301810166,0.9257494296283544,0.8718008100456817
E01003957,Southwark 032C,A,Family,Transitional,1,2,3,0.3062866281888386,0.16184971098265893,Tier 1 (lowest),0.3638853766174943,0.3002899099706438,0.03008356545961,0.1505981703026038,0.0600858369098712,0.3361945636623748,0.11,0.0105363984674329,0.0531609195402298,0.7743573151684012,0.2733765935496395,0.333635682454551,0.9464519397757762,0.3332667079361692
E01003958,Southwark 032D,D,Family,Housing Disadvantage,4,2,6,0.36887219231612856,0.315028901734104,Tier 1 (lowest),0.4811338369800805,0.2884299198908898,0.0403517847904811,0.2422320862396956,0.071521456436931,0.2873862158647594,0.1295336787564766,0.0148367952522255,0.0520156046814044,0.6888643911521986,0.3192619115568982,0.3091848404779763,0.9256841109050584,0.5118401028931322
E01003960,Southwark 012A,C,Mixed_0,Double Disadvantage,3,3,6,0.3365394755058887,0.1936416184971098,Tier 1 (lowest),0.3618070355225392,0.4451628373811426,0.0439189189189189,0.224346717654557,0.0658761528326745,0.1870882740447957,0.2044560943643512,0.0059171597633136,0.0620957309184993,0.4574146309872673,0.4515897761872545,0.1317190519383215,0.7061012256758786,0.5523758176999958
E01003961,Southwark 012B,C,Deprived,Housing Disadvantage,3,4,7,0.6702584586354661,0.9104046242774566,Tier 5 (highest),0.7219188031411846,0.4626827843475165,0.0637681159420289,0.433806146572104,0.1375422773393461,0.2762119503945885,0.3234960272417707,0.0277161862527716,0.0836158192090395,0.3868106124785074,0.726394475453435,0.1640572622944364,0.8213276007907582,0.832405968704952
E01003963,Southwark 016A,C,Deprived,Housing Disadvantage,3,4,7,0.5961325851959277,0.5664739884393064,Tier 3,0.4837248717923437,0.602026397468257,0.0448717948717948,0.3887283236994219,0.0687679083094555,0.3051575931232091,0.2773722627737226,0.0369426751592356,0.0884057971014492,0.3910684540931911,0.8096742187500456,0.0575777891706435,0.7560959691257013,0.5256743845882104
E01033878,Southwark 015F,C,Deprived,Housing Disadvantage,3,4,7,0.6066487800642513,0.7846820809248555,Tier 5 (highest),0.6616538255126979,0.2973080641091608,0.050632911392405,0.3596004439511653,0.0695443645083932,0.3573141486810551,0.2809523809523809,0.0309477756286266,0.1090047393364928,0.5940838585610081,0.5739497189818112,0.1246204203967353,0.9141050711944068,0.7057796929668924
E01033880,Southwark 015H,C,Deprived,Housing Disadvantage,3,4,7,0.6246200990947954,0.7904624277456647,Tier 5 (highest),0.6616538255126979,0.2581126440003393,0.0192127460168697,0.4199184624344787,0.033271719038817,0.3493530499075785,0.2429378531073446,0.0356589147286821,0.2286245353159851,0.5940838585610081,0.5739497189818112,0.1246204203967353,0.9141050711944068,0.7057796929668924
E01003966,Southwark 015B,C,Deprived,Housing Disadvantage,3,4,7,0.644537823805622,0.7369942196531791,Tier 5 (highest),0.583007440858656,0.3405018593136844,0.0539146741678387,0.4401544401544401,0.089049338146811,0.259927797833935,0.2953995157384987,0.0327272727272727,0.1251518833535844,0.5435833773238166,0.6141800809519843,0.0418030524115631,0.8412415169550209,0.6786909647986951
E01033881,Southwark 016F,C,Deprived,Housing Disadvantage,3,4,7,0.597977593213973,0.6965317919075145,Tier 5 (highest),0.5771833026516248,0.4607435482919716,0.0519342872284048,0.4098360655737705,0.0938375350140056,0.3095238095238095,0.2668539325842696,0.0206060606060606,0.1265646731571627,0.3425254074595991,0.6179334434376733,0.1443388413455859,0.8413980745299052,0.7338436269242875
E01033879,Southwark 015G,C,Deprived,Housing Disadvantage,3,4,7,0.7157112957645114,0.7109826589595376,Tier 5 (highest),0.5559769374346512,0.3999866852353441,0.0441924129839655,0.4480759093305219,0.0641330166270783,0.4156769596199525,0.2804295942720763,0.0360721442885771,0.1945754716981132,0.3009510841690365,0.5243763787459502,0.1640572622944364,0.9740535586304524,0.7109818929038434
E01003969,Southwark 017B,C,Mixed_0,Double Disadvantage,3,3,6,0.4265916699532969,0.7023121387283238,Tier 5 (highest),0.7375025934539388,0.3062792386195134,0.0231331168831168,0.302803738317757,0.0699507389162561,0.1950738916256157,0.2047244094488189,0.0272969374167776,0.0813725490196078,0.5229350510648759,0.552554646490613,0.1769531095949846,0.8319641846367087,0.8795668960022299
E01003971,Southwark 015D,C,Deprived,Housing Disadvantage,3,4,7,0.5061282303275807,0.6445086705202312,Tier 4,0.5934164919372577,0.4038591993375324,0.0308555399719495,0.3601496725912067,0.0581395348837209,0.4205426356589147,0.203125,0.0138648180242634,0.1242718446601941,0.3116264926908886,0.5475509219320269,0.1492684465827985,0.9050143637997976,0.7776276901074824
E01003972,Southwark 016D,C,Deprived,Housing Disadvantage,3,4,7,0.5141421135020665,0.7052023121387283,Tier 5 (highest),0.6567876783791283,0.4500234343386378,0.0368349249658935,0.3184991273996509,0.0577849117174959,0.3226324237560192,0.2504065040650406,0.0291005291005291,0.0830618892508143,0.4462796773299615,0.7497814107545352,0.0970146310683446,0.8955991363989716,0.6884791950122329
E01003973,Southwark 016E,C,Mixed_0,Double Disadvantage,3,3,6,0.5066929324206308,0.5751445086705202,Tier 4,0.5632962180177503,0.6383197779379269,0.0477918935269207,0.3798677443056576,0.0828877005347593,0.25,0.2347480106100795,0.0245261984392419,0.0554089709762532,0.3277663544050329,0.8286283656834055,0.1640572622944364,0.799119234870078,0.5983217505192462
E01003975,Southwark 004A,C,Deprived,Housing Disadvantage,3,4,7,0.46993847697437036,0.6820809248554913,Tier 5 (highest),0.6939138208086927,0.4302102018876121,0.0442577030812324,0.3221288515406162,0.0474254742547425,0.2926829268292683,0.2195121951219512,0.0237020316027088,0.0747282608695652,0.3325991932007733,0.7209486416289821,0.0851835784990343,0.9317452737048856,0.7930461421714902
E01003976,Southwark 036D,C,Mixed_0,Double Disadvantage,3,3,6,0.3942035227547724,0.5549132947976878,Tier 3,0.6617764129793503,0.5232460425605662,0.0409185803757828,0.2117882117882117,0.0558464223385689,0.2120418848167539,0.1765734265734265,0.031892274982282,0.0419947506561679,0.292035622490232,0.693230385174761,0.2034941041921374,0.8218460033566004,0.8100383757942216
E01003977,Southwark 010A,C,Mixed_0,Double Disadvantage,3,3,6,0.5013147372721678,0.5549132947976878,Tier 3,0.5600204928065593,0.4517027669654242,0.0557043385109801,0.3231357552581262,0.0828331332533013,0.2412965186074429,0.2581818181818182,0.0197300103842159,0.0752427184466019,0.2040003955126433,0.6606359629918843,0.0398312103166781,0.9715891765129518,0.7315265184360995
E01033870,Southwark 004G,C,Professional,Housing Disadvantage,3,1,4,0.21809977707028083,0.5390173410404624,Tier 3,0.8243516416746419,0.4860543124391455,0.0242663656884875,0.1676337846550612,0.0290697674418604,0.1813953488372093,0.1175785797438882,0.0096308186195826,0.0419091967403958,0.1895424228954668,0.7607882818128302,0.187719367433057,0.9492467516887448,0.9690778719074687
E01033872,Southwark 004I,C,Mixed_0,Double Disadvantage,3,3,6,0.41356425645267675,0.726878612716763,Tier 5 (highest),0.8243516416746419,0.4272060308317562,0.0407692307692307,0.2477718360071301,0.0563165905631659,0.1841704718417047,0.1517450682852807,0.0392902408111533,0.0439393939393939,0.1895424228954668,0.7607882818128302,0.187719367433057,0.9492467516887448,0.9690778719074687
E01003979,Southwark 006E,C,Mixed_0,Double Disadvantage,3,3,6,0.3804923338900648,0.5028901734104047,Tier 3,0.6298393046535674,0.5356276959002326,0.0519153225806451,0.3207331042382589,0.0486976217440543,0.1857304643261608,0.1952326901248581,0.0129151291512915,0.0496054114994363,0.3562825046727222,0.7130131045490223,0.2054659462870225,0.855190693196703,0.6959675353033103
E01003980,Southwark 013A,C,Deprived,Housing Disadvantage,3,4,7,0.539614727612863,0.6820809248554913,Tier 5 (highest),0.6009342680878669,0.39084107456737,0.0555555555555555,0.3603238866396761,0.0939597315436241,0.2002237136465324,0.2652370203160271,0.0212121212121212,0.1108597285067873,0.3219888445080524,0.6377819713244917,0.0166313049650984,0.8836333683742017,0.774896282816584
E01003981,Southwark 006F,B,Mixed_0,Population Disadvantage,2,3,5,0.44358298404585883,0.6820809248554913,Tier 5 (highest),0.7047516999157988,0.8601794468915674,0.0649436713055003,0.2176204819277108,0.1056661562021439,0.1684532924961715,0.2401812688821752,0.0176151761517615,0.056060606060606,0.3689532000474744,0.7284108557216292,0.6018062073589182,0.1698687219840924,0.97014148783984
E01003983,Southwark 018A,C,Deprived,Housing Disadvantage,3,4,7,0.6391978506126382,0.5780346820809249,Tier 4,0.4630530859126257,0.5053856429841082,0.0374531835205992,0.4222873900293255,0.0476900149031296,0.4217585692995529,0.2667660208643815,0.0330368487928843,0.1473214285714285,0.343219027518124,0.6026924218042544,0.1640572622944364,0.9020034816973862,0.5531585400645431
E01003984,Southwark 023A,C,Mixed_0,Double Disadvantage,3,3,6,0.4763302109281682,0.4595375722543352,Tier 2,0.4948681388425795,0.3656278291338118,0.0445804195804195,0.3032324268855823,0.1055776892430278,0.2211155378486055,0.2306163021868787,0.0213577421815408,0.0648702594810379,0.4899806948110299,0.4926551366686069,0.1246204203967353,0.8304297130418157,0.6390465259280822
E01003986,Southwark 011A,C,Deprived,Housing Disadvantage,3,4,7,0.67338849869435,0.8265895953757225,Tier 5 (highest),0.651985686149803,0.4832458634353125,0.0787649653434152,0.3904538341158059,0.1344778254649499,0.2804005722460658,0.3452722063037249,0.0279329608938547,0.0629470672389127,0.2440698585335767,0.6706454521994427,0.1640572622944364,0.9085446852731832,0.8023404330975492
E01003987,Southwark 011B,C,Deprived,Housing Disadvantage,3,4,7,0.5733247950048195,0.684971098265896,Tier 5 (highest),0.5774381395512815,0.4078130232475675,0.058695652173913,0.3639973527465255,0.1149567367119901,0.2645241038318912,0.2771672771672772,0.0240274599542334,0.0687116564417178,0.1962984772652076,0.6130069846935857,0.038648105059747,1.0,0.7676948194892292
E01003988,Southwark 018B,C,Deprived,Housing Disadvantage,3,4,7,0.6758189051800244,0.9797687861271676,Tier 5 (highest),0.9563145353322344,0.3356364775337464,0.067127344521224,0.3936599423631124,0.1374570446735395,0.2474226804123711,0.3103448275862069,0.0352564102564102,0.0902857142857142,1.0,1.0,0.0181409472729424,0.932965593344878,0.6390465259280822
E01003989,Southwark 018C,C,Deprived,Housing Disadvantage,3,4,7,0.542738159038949,0.5317919075144508,Tier 3,0.4936087519014033,0.4501663757785692,0.0362831858407079,0.3573033707865168,0.0500568828213879,0.3060295790671217,0.2224744608399546,0.0361757105943152,0.1073059360730593,0.2891250564668239,0.6742722733145528,0.0,0.9412047726848346,0.629948761499574
E01003990,Southwark 018D,C,Deprived,Housing Disadvantage,3,4,7,0.5944200260632357,0.48554913294797686,Tier 3,0.3632145757914128,0.4418005104063379,0.0486322188449848,0.3971138428647782,0.0718635809987819,0.3325213154689403,0.2867557715674362,0.0207394048692515,0.1366384522370012,0.3225783083243151,0.5373285865248627,0.0319438419371378,0.9300469868991864,0.4991049781355677
E01003991,Southwark 017C,C,Deprived,Housing Disadvantage,3,4,7,0.7288163527955644,0.6676300578034682,Tier 4,0.5051910883791066,0.4249553453587901,0.1036920659858601,0.4003690036900369,0.1786941580756013,0.20446735395189,0.342512908777969,0.0327272727272727,0.0475382003395585,0.4015633432290735,0.5728584741784052,0.1368458413850227,0.960237819209218,0.5802443744470156
E01003992,Southwark 014A,C,Deprived,Housing Disadvantage,3,4,7,0.7001199842476449,0.9508670520231214,Tier 5 (highest),0.7509512258654982,0.3848953617727596,0.0610831234256926,0.400974025974026,0.1625,0.303125,0.2981366459627329,0.0323054331864904,0.1010886469673405,0.3577331809280942,0.6866290673716535,0.1019442363055572,0.8727199575580915,0.9123279897404564
E01003993,Southwark 017D,C,Deprived,Housing Disadvantage,3,4,7,0.6263182568254645,0.5867052023121387,Tier 4,0.4842436237842702,0.4970089612992946,0.0508641975308642,0.3808322824716267,0.07125,0.33125,0.2634207240948814,0.0393782383419689,0.1053952321204517,0.2304957895071062,0.5782696290902076,0.1640572622944364,0.9522081781863748,0.6328799252898067
E01003994,Southwark 012E,C,Mixed_0,Double Disadvantage,3,3,6,0.4108103225347356,0.3092485549132948,Tier 1 (lowest),0.3862849641302345,0.538743252502072,0.0519409513395298,0.2962962962962963,0.077277970011534,0.1741637831603229,0.1972157772621809,0.0177073625349487,0.0531177829099307,0.4648626777669322,0.5253972629989435,0.2153251567614478,0.6720919437463664,0.5199008033162726
E01003995,Southwark 014B,C,Mixed_0,Double Disadvantage,3,3,6,0.5356747503102367,0.5260115606936416,Tier 3,0.4956301219812136,0.7206269337396373,0.0714285714285714,0.3304572907679033,0.0989159891598916,0.1897018970189702,0.2585034013605442,0.0293255131964809,0.0431848852901484,0.5145687665904235,0.9089095066854808,0.1522262097251261,0.57184947639459,0.4752867662149341
E01003997,Southwark 017E,A,Mixed_0,Population Disadvantage,1,3,4,0.4500306498554182,0.361271676300578,Tier 2,0.4295059894735707,0.3187880915010448,0.0447876447876447,0.2797731568998109,0.0708661417322834,0.2618110236220472,0.2090729783037475,0.0206185567010309,0.0769230769230769,0.567540252733796,0.4278958998853014,0.1049019994478848,0.8529418628660795,0.5451174329822465
E01003998,Southwark 014D,A,Mixed_0,Population Disadvantage,1,3,4,0.3890928628708878,0.2774566473988439,Tier 1 (lowest),0.3999053504360267,0.5023692416890205,0.0519298245614035,0.2527910685805423,0.0854961832061068,0.1923664122137404,0.2118003025718608,0.0122399020807833,0.0426179604261796,0.5603537720120747,0.4877296137952122,0.261071893362781,0.6885335995246179,0.4900657433085452
E01003999,Southwark 014E,C,Deprived,Housing Disadvantage,3,4,7,0.4984918310821665,0.5086705202312138,Tier 3,0.52128888731649,0.3222703460814795,0.0433911882510013,0.3010577705451586,0.0652173913043478,0.294314381270903,0.2353923205342237,0.0205128205128205,0.1168614357262103,0.5577249507554012,0.5713801651938606,0.0138028946641953,0.8544493775275487,0.6131938994249692
E01004000,Southwark 026A,D,Mixed_0,Double Disadvantage,4,3,7,0.484061307541277,0.6213872832369942,Tier 4,0.5975312376406072,0.283237740821232,0.0539568345323741,0.3157572041692213,0.0854214123006833,0.2460136674259681,0.2368421052631578,0.0209523809523809,0.0582191780821917,0.586884983896222,0.4500815510114765,0.187719367433057,0.9066462950770692,0.6820497519535507
E01004001,Southwark 026B,A,Deprived,Transitional,1,4,5,0.6826634337328891,0.5953757225433526,Tier 4,0.4544383506601346,0.3915009188217125,0.0781426953567383,0.3970088375254929,0.1278295605858855,0.2596537949400799,0.3351063829787234,0.0320427236315086,0.0796812749003984,0.4434398399986992,0.439426900424626,0.2137476830855397,0.9590586607329534,0.5455738425689609
E01004002,Southwark 029A,A,Family,Transitional,1,2,3,0.4087292350888158,0.23699421965317918,Tier 1 (lowest),0.0665322179620752,0.4615015480304304,0.0375586854460093,0.1828528072837632,0.0849772382397572,0.3672230652503793,0.1471927162367223,0.0143805309734513,0.0840978593272171,0.618451594668777,0.1698422352114448,0.4006783136806428,0.9626688162014786,0.0476453963978029
E01004003,Southwark 023B,C,Deprived,Housing Disadvantage,3,4,7,0.6323029851310771,0.6502890173410405,Tier 4,0.5451854920232304,0.3276016085350042,0.0702524698133918,0.397742363877822,0.0911392405063291,0.2544303797468354,0.3173803526448362,0.0335195530726257,0.0717884130982367,0.260451175126682,0.4797418274168226,0.0224789998816896,0.8647562573416234,0.8464755548980698
E01004004,Southwark 023C,C,Mixed_0,Double Disadvantage,3,3,6,0.49475927419451743,0.5606936416184971,Tier 3,0.5648410277228159,0.3366406989820426,0.0445036135412704,0.2689655172413793,0.074430823117338,0.2670753064798599,0.2288209606986899,0.0309278350515463,0.0761821366024518,0.4694675173598026,0.507623406332804,0.1029301573529997,0.8049564477614612,0.7544542540247003
E01004005,Southwark 023D,C,Deprived,Housing Disadvantage,3,4,7,0.5439167120943257,0.5173410404624277,Tier 3,0.4754655864724911,0.4535801238258221,0.0628768303186907,0.3623877443211833,0.0775347912524851,0.257455268389662,0.2652043868394815,0.0239931448157669,0.0734856007944389,0.3215372910390255,0.6053028990339249,0.0333241314035574,0.7906267640364509,0.6840734062464942
E01004006,Southwark 023E,D,Mixed_0,Double Disadvantage,4,3,7,0.4366799420436493,0.7167630057803468,Tier 5 (highest),0.7422998117711654,0.221483973537058,0.048465266558966,0.2833333333333333,0.0732323232323232,0.2651515151515151,0.2017879948914431,0.0160320641282565,0.0707964601769911,0.6071690961191005,0.3535078381647734,0.335213156130459,0.8756281959524663,0.8971444568092323
E01004007,Southwark 018E,C,Deprived,Housing Disadvantage,3,4,7,0.7066768196683549,0.5375722543352601,Tier 3,0.322570250660481,0.4510361397335263,0.049168975069252,0.4381720430107527,0.0773480662983425,0.3683241252302026,0.2757352941176471,0.0466867469879518,0.1275415896487985,0.2362933346452769,0.4980894448267567,0.0220846314627126,0.9328131829905204,0.5184413793282784
E01004008,Southwark 022B,C,Deprived,Housing Disadvantage,3,4,7,0.6190850021873154,0.777456647398844,Tier 5 (highest),0.6504972269674713,0.286845917397077,0.0445615716339242,0.3784266984505363,0.0656753407682775,0.3023543990086741,0.27909887359199,0.0374384236453202,0.132919254658385,0.3167365953449349,0.4972020009873861,0.0110423157313563,0.745735175444779,1.0
E01004010,Southwark 022D,C,Deprived,Housing Disadvantage,3,4,7,0.547669654998118,0.76878612716763,Tier 5 (highest),0.6794179611417928,0.3598713602335432,0.0391506303915063,0.3637833468067906,0.0704,0.3072,0.2519809825673534,0.0297766749379652,0.0930599369085173,0.4296697109908237,0.6354900140859772,0.0595496312655286,0.7831721351396399,0.8657742118955815
E01004011,Southwark 019B,C,Deprived,Housing Disadvantage,3,4,7,0.6498977376183744,0.5578034682080925,Tier 3,0.4013176872262544,0.4835745722276099,0.0537735849056603,0.3732638888888889,0.076463560334528,0.2951015531660693,0.2806804374240583,0.0440744368266405,0.1153846153846153,0.0848047579874464,0.5225540585477672,0.0496904207911033,0.9366369203161724,0.6734620351545803
E01004012,Southwark 019C,C,Deprived,Housing Disadvantage,3,4,7,0.48127375948243273,0.35260115606936415,Tier 2,0.3223432555088087,0.4528186364022749,0.0348936170212765,0.3353535353535353,0.0390455531453362,0.2885032537960954,0.2308522114347357,0.0266990291262135,0.0957562568008705,0.1785232889508557,0.5075152594189587,0.0102535788934023,0.9865222808246024,0.5300133183925759
E01004013,Southwark 019D,C,Deprived,Housing Disadvantage,3,4,7,0.5518392392849629,0.5751445086705202,Tier 4,0.5170644515080763,0.4067463754830847,0.0499405469678953,0.3636991028295376,0.0504587155963302,0.2538226299694189,0.2534562211981567,0.0333704115684093,0.108433734939759,0.0874927937145282,0.4880841963960889,0.0654651575501837,0.8948153117194182,0.8822012688590255
E01004014,Southwark 019E,C,Deprived,Housing Disadvantage,3,4,7,0.6327551731241228,0.47398843930635837,Tier 3,0.2665744023896738,0.5639562757170432,0.0409604519774011,0.4275138803207896,0.0721271393643031,0.3557457212713936,0.2641277641277641,0.031578947368421,0.1409313725490196,0.0,0.318539360467149,0.0056986236542178,0.9749190835543826,0.6734620351545803
E01004015,Southwark 028C,A,Family,Transitional,1,2,3,0.341983722420963,0.18497109826589597,Tier 1 (lowest),0.3089772841175393,0.2822853582916947,0.0327050997782705,0.1645226811103588,0.0718309859154929,0.2788732394366197,0.1645390070921985,0.0066006600660066,0.0963172804532577,0.658444990330422,0.3134905465554191,0.1453247623930284,0.9407841408429104,0.3567298119699862
E01004016,Southwark 029B,A,Family,Transitional,1,2,3,0.4214157593400109,0.24855491329479767,Tier 1 (lowest),0.0146840998612935,0.4734123485019623,0.0401854714064915,0.1944303797468354,0.0745216515609264,0.3746223564954682,0.1683467741935483,0.0168185003503854,0.0726538849646821,0.6099426689153225,0.3030899930870527,0.1246164767125456,0.9618022544724169,0.0
E01004017,Southwark 029C,A,Family,Transitional,1,2,3,0.33323946360351514,0.13005780346820808,Tier 1 (lowest),0.0363873777713856,0.3531312082498595,0.0230722525804493,0.1750764525993883,0.0647149460708782,0.3559322033898305,0.1,0.014054054054054,0.0693374422187981,0.723555576799692,0.2274525239400134,0.1640572622944364,0.9631877371698866,0.0
E01004018,Southwark 032E,A,Family,Transitional,1,2,3,0.2938450850609114,0.09826589595375723,Tier 1 (lowest),0.0782014499473098,0.3748249131160887,0.0236096537250787,0.1341381623071764,0.0734536082474226,0.3389175257731959,0.0937098844672657,0.0106007067137809,0.0501285347043701,0.6733266806858387,0.2695285403800578,0.1719446306739766,0.9756520011019704,0.0487654872933186
E01004019,Southwark 026C,D,Mixed_0,Double Disadvantage,4,3,7,0.4330888268531655,0.4393063583815029,Tier 2,0.526251008880586,0.2972140507575301,0.0338504936530324,0.2651162790697674,0.0615199034981905,0.2979493365500603,0.1749408983451536,0.0198618307426597,0.1038961038961039,0.5895764412468916,0.4139833223770724,0.1956067358125972,0.921743214599526,0.5952092979433318
E01004020,Southwark 029D,A,Deprived,Transitional,1,4,5,0.5650416129863485,0.4393063583815029,Tier 2,0.2754447618010618,0.5459742912150722,0.0429553264604811,0.3288789903489235,0.1002747252747252,0.3557692307692308,0.2439024390243902,0.0292056074766355,0.0750341064120054,0.4709162309395818,0.6710582499369141,0.0615214733604136,0.9947941195262072,0.1877706342449872
E01004021,Southwark 028D,C,Professional,Housing Disadvantage,3,1,4,0.2602122029515547,0.3872832369942196,Tier 2,0.62715622340771,0.314008163558526,0.0259801606046291,0.1210262130507529,0.0596421471172962,0.2266401590457256,0.12,0.014799154334038,0.0363636363636363,0.5809061992839128,0.5014259575684104,0.1936348937177122,0.8767220253663933,0.7067255475008835
E01033869,Southwark 004F,C,Mixed_0,Double Disadvantage,3,3,6,0.4667414190263957,0.6459537572254336,Tier 4,0.6670094618213681,0.4434381191049362,0.0443989071038251,0.2732919254658385,0.110764430577223,0.2854914196567862,0.2049689440993788,0.0136986301369863,0.0851393188854489,0.3136874579959001,0.7553277102204297,0.0238198525062114,0.8869055253697977,0.7953994100625499
E01033871,Southwark 004H,C,Mixed_0,Double Disadvantage,3,3,6,0.4695780454985091,0.6488439306358382,Tier 4,0.6670094618213681,0.263074484393046,0.0628722700198544,0.2584446190102121,0.0801749271137026,0.2332361516034985,0.2240117130307467,0.0223048327137546,0.0615835777126099,0.3136874579959001,0.7553277102204297,0.0238198525062114,0.8869055253697977,0.7953994100625499
E01004023,Southwark 004D,C,Mixed_0,Double Disadvantage,3,3,6,0.48370337920335127,0.47976878612716767,Tier 3,0.5050200634303694,0.4694579668755639,0.0551181102362204,0.3263688760806916,0.1041666666666666,0.225,0.252112676056338,0.0144124168514412,0.0622347949080622,0.3237877254645768,0.5617549319033609,0.1758883148637467,0.89063698703873,0.6568464998099461
E01004024,Southwark 011C,C,Deprived,Housing Disadvantage,3,4,7,0.5744666106383883,0.6560693641618497,Tier 4,0.5671022516052588,0.4629555841270159,0.0569395017793594,0.3961916461916462,0.0986436498150431,0.2577065351418002,0.260122699386503,0.024236037934668,0.0920245398773006,0.1506258756276693,0.6417305318906055,0.0335213156130459,0.8898376102822012,0.8142783614466467
E01033884,Southwark 035A,B,Professional,Double Advantage,2,1,3,0.21292515551714652,0.3106936416184971,Tier 1 (lowest),0.5713327117896139,0.8915959785076727,0.028105167724388,0.1548451548451548,0.0287162162162162,0.1131756756756756,0.1096121416526138,0.020775623268698,0.0135135135135135,0.2370156884734719,0.5377307562968096,0.7556098907599523,0.3114672724284968,0.8629289276500048
E01033885,Southwark 036A,B,Mixed_0,Population Disadvantage,2,3,5,0.3976221769168116,0.46676300578034685,Tier 3,0.5713327117896139,0.9999999976381824,0.0444277108433734,0.2768014059753954,0.0621019108280254,0.2054140127388535,0.2241653418124006,0.0190217391304347,0.0368,0.2370156884734719,0.5377307562968096,0.7556098907599523,0.3114672724284968,0.8629289276500048
E01004028,Southwark 004E,C,Mixed_0,Double Disadvantage,3,3,6,0.42625231397415186,0.6445086705202312,Tier 4,0.6941144675081028,0.3853296424729647,0.0484071162598262,0.2756218905472636,0.0526793823796548,0.251589464123524,0.2187784867821331,0.0200743494423791,0.0581818181818181,0.3052645471584553,0.7436235414294121,0.0,0.9134456631306554,0.8376303371075434
E01004029,Southwark 001A,C,Professional,Housing Disadvantage,3,1,4,0.277844392354225,0.3468208092485549,Tier 2,0.5716367852386638,0.4554288085051712,0.0265664160401002,0.1487650775416427,0.0279870828848223,0.2142088266953713,0.0968783638320775,0.0264705882352941,0.0461868958109559,0.4032771224666803,0.6073225146269635,0.1719446306739766,0.8595069129599053,0.6764229602370215
E01004030,Southwark 007A,C,Mixed_0,Double Disadvantage,3,3,6,0.3995534201443835,0.6358381502890174,Tier 4,0.7105221540304222,0.4103525743980116,0.0463709677419354,0.2492138364779874,0.0892143808255659,0.1731025299600532,0.2013513513513513,0.0204081632653061,0.0420054200542005,0.364825995518814,0.5659551374095817,0.2429309460898385,0.8352809242529671,0.8914627611710217
E01004031,Southwark 007B,C,Mixed_0,Double Disadvantage,3,3,6,0.3408077061974187,0.43063583815028905,Tier 2,0.5853380349520038,0.4290811456838372,0.0334615384615384,0.2181415929203539,0.0585501858736059,0.1840148698884758,0.1717451523545706,0.0161390440720049,0.0739371534195933,0.3763774356186181,0.5768516002266664,0.1394092361083732,0.7645106795744521,0.792197298358934
E01004032,Southwark 001B,A,Professional,Double Advantage,1,1,2,0.17506266765528813,0.057803468208092484,Tier 1 (lowest),0.203057440459053,0.552306667924759,0.0160320641282565,0.1111111111111111,0.0398773006134969,0.1947852760736196,0.0803030303030303,0.0085551330798479,0.0351681957186544,0.3794716080482679,0.4109627325463363,0.2358867373900711,0.8485655084052396,0.3086587258101672
E01004033,Southwark 007C,C,Mixed_0,Double Disadvantage,3,3,6,0.4075279790419359,0.5924855491329479,Tier 4,0.6735421422979686,0.5638558806662375,0.0476190476190476,0.2825333993072736,0.0726159230096238,0.205599300087489,0.1975524475524475,0.0169117647058823,0.0585664335664335,0.2736022655469691,0.7821486564896574,0.148282525535356,0.7759103519973223,0.8148189859635548
E01004034,Southwark 007D,C,Deprived,Housing Disadvantage,3,4,7,0.49410130686600234,0.6184971098265896,Tier 4,0.5886532183920059,0.4519631292051805,0.043613707165109,0.3243034055727554,0.0620272314674735,0.2889561270801815,0.223583460949464,0.0271604938271604,0.0746951219512195,0.4002485261431847,0.6964712398185728,0.0694088417399538,0.8678065380390391,0.6702775322686398
E01004035,Southwark 011D,C,Deprived,Housing Disadvantage,3,4,7,0.6461399350680097,0.6040462427745665,Tier 4,0.4809101842962885,0.5201631229673068,0.0784863349684653,0.3738237810094098,0.1296296296296296,0.2407407407407407,0.2984822934232715,0.025,0.1065989847715736,0.2422505094268964,0.6096403021541676,0.1254091572346893,0.8664555809524542,0.647589254330448
E01004036,Southwark 007E,C,Deprived,Housing Disadvantage,3,4,7,0.4711637239074346,0.708092485549133,Tier 5 (highest),0.7040003937010253,0.3936394151361917,0.0482269503546099,0.3260869565217391,0.0662790697674418,0.3186046511627907,0.2581395348837209,0.0079129574678536,0.087514585764294,0.3288330717163779,0.7118498922247898,0.0118310525693103,0.8098677936702503,0.9115344594362824
E01004037,Southwark 010B,C,Mixed_0,Double Disadvantage,3,3,6,0.45025420872095306,0.6734104046242775,Tier 5 (highest),0.7006262417170293,0.5277472448379331,0.0355907068709836,0.3142501555693839,0.041049030786773,0.2964652223489167,0.2457337883959044,0.0185873605947955,0.0843785632839224,0.3582496579986691,0.9136713117015132,0.0378396498008441,0.918053225135861,0.7018484850599918
E01004038,Southwark 010C,C,Mixed_0,Double Disadvantage,3,3,6,0.4115516522301177,0.49132947976878616,Tier 3,0.5704555715476646,0.5152492956331555,0.0387823185988323,0.2906026557711951,0.0242248062015503,0.2684108527131782,0.2030947775628626,0.0226244343891402,0.0729571984435797,0.3063061504371501,0.6918455687355223,0.150254367630241,0.928822520038667,0.6502944866317786
E01004039,Southwark 013B,C,Mixed_0,Double Disadvantage,3,3,6,0.41436064553005775,0.45375722543352603,Tier 2,0.5526076833640312,0.3992530179811112,0.0323834196891191,0.3183206106870229,0.0282574568288854,0.2401883830455259,0.1959247648902821,0.0232288037166085,0.0889235569422776,0.5508614983466462,0.6555753546799907,0.0851835784990343,0.9124368517375264,0.5516619495778303
E01004040,Southwark 013C,C,Deprived,Housing Disadvantage,3,4,7,0.7325860242925589,0.6156069364161849,Tier 4,0.4554071187568977,0.690444425167348,0.0589171974522293,0.4131614654002714,0.1160714285714285,0.3520408163265306,0.3445161290322581,0.0371845949535192,0.1240409207161125,0.2273086948728581,0.8059883410799582,0.1640572622944364,0.8557910033679483,0.5054949953942751
E01004041,Southwark 013D,C,Deprived,Housing Disadvantage,3,4,7,0.5665512974609644,0.5578034682080925,Tier 3,0.4877612597815953,0.6637961788263967,0.0454266421117249,0.4132613723978411,0.0786838340486409,0.2889842632331902,0.2826086956521739,0.0226130653266331,0.0985507246376811,0.2477008459629758,0.8091656677114338,0.1640572622944364,0.8950402984329937,0.5156333736804923
E01004042,Southwark 010D,C,Deprived,Housing Disadvantage,3,4,7,0.5556270074975427,0.47109826589595377,Tier 3,0.3723258256102906,0.4872506769576225,0.068100358422939,0.3743119266055046,0.1037394451145959,0.2171290711700844,0.2968369829683698,0.0160599571734475,0.0838396111786148,0.2571424756827569,0.5657693971631117,0.0596442796860831,0.9419383123155012,0.5156333736804923
E01004043,Southwark 010E,A,Mixed_0,Population Disadvantage,1,3,4,0.4781964798987238,0.3901734104046243,Tier 2,0.3882327991648713,0.3854174838597096,0.0584319526627218,0.3013468013468013,0.094240837696335,0.2006980802792321,0.2363013698630137,0.0192307692307692,0.07008547008547,0.4130293957318177,0.3925128125923864,0.186141893757149,0.970872225764392,0.4993145225219664
E01004044,Southwark 013E,C,Deprived,Housing Disadvantage,3,4,7,0.6348332635244642,0.8150289017341041,Tier 5 (highest),0.672205422172594,0.4231912147396444,0.050034746351633,0.3855633802816901,0.0671378091872791,0.3056537102473498,0.2973451327433628,0.0387481371087928,0.1174377224199288,0.3804617711767264,0.5885281096958611,0.2389872619000684,0.9248287466714188,0.7778863222066208
E01004045,Southwark 027A,C,Deprived,Housing Disadvantage,3,4,7,0.5467626146095841,0.5895953757225434,Tier 4,0.5429367042816742,0.5261052141987794,0.0441640378548895,0.3747940691927512,0.056338028169014,0.3708920187793427,0.2328125,0.0248618784530386,0.097331240188383,0.2700762489102308,0.7405412545486758,0.0496904207911033,0.8856551383809863,0.650269855003289
E01004046,Southwark 028E,D,Family,Housing Disadvantage,4,2,6,0.33915676507667586,0.45375722543352603,Tier 2,0.6239482843821172,0.1308785446793239,0.0320924261874197,0.1691699604743083,0.057632398753894,0.292834890965732,0.1306376360808709,0.0157835400225479,0.0737833594976452,0.8118500976193737,0.288991541181956,0.2389872619000684,0.8707894264028951,0.7018484850599918
E01004047,Southwark 027B,C,Deprived,Housing Disadvantage,3,4,7,0.644826941615508,0.8872832369942196,Tier 5 (highest),0.7126709135471294,0.3409236565522759,0.0439292251372788,0.3740685543964232,0.085209003215434,0.3038585209003215,0.2601626016260163,0.0414798206278026,0.1426256077795786,0.3027438672240141,0.6266433903714165,0.0536341049808734,0.8939661683165686,0.9439281298533412
E01004048,Southwark 027C,A,Family,Transitional,1,2,3,0.4057589991050491,0.3179190751445087,Tier 2,0.4296905568892919,0.3473676367692036,0.049109883364027,0.1998420221169036,0.0565217391304347,0.336231884057971,0.1893063583815029,0.0164835164835164,0.0553129548762736,0.4566508370162441,0.3898403318319915,0.1737192885593732,0.9240521796277872,0.5708771900564107
E01004049,Southwark 027D,C,Deprived,Housing Disadvantage,3,4,7,0.5184713551830028,0.5780346820809248,Tier 4,0.5566892897148102,0.480032311382696,0.0393175074183976,0.293488824101069,0.0558766859344894,0.3641618497109826,0.2065637065637065,0.0283159463487332,0.1126213592233009,0.3381578866035982,0.6677869646153639,0.0812398943092642,0.8238314851837761,0.6940274503820527
E01004050,Southwark 024D,D,Professional,Housing Disadvantage,4,1,5,0.2586396040081011,0.4046242774566474,Tier 2,0.6484166206351252,0.1175649823298116,0.0208333333333333,0.1349141455437449,0.0653188180404354,0.1959564541213063,0.1095238095238095,0.0144124168514412,0.0572337042925278,0.71471147832217,0.3502739243089438,0.1325077887762756,0.9036323025592624,0.7725775580664157
E01004051,Southwark 027E,D,Family,Housing Disadvantage,4,2,6,0.3620818055744111,0.546242774566474,Tier 3,0.6800593300827584,0.1741473293345312,0.0405616224648986,0.15032080659945,0.114334470989761,0.2269624573378839,0.1008547008547008,0.0228426395939086,0.046075085324232,0.6305383278125145,0.4276776686470599,0.1009583152581147,0.8228278578163055,0.8614244902282573
E01004052,Southwark 024E,D,Family,Housing Disadvantage,4,2,6,0.30169652313952466,0.3901734104046243,Tier 2,0.5902985686964966,0.2037712279154263,0.0308924485125858,0.1574642126789366,0.0701298701298701,0.235064935064935,0.1395348837209302,0.0117117117117117,0.0558441558441558,0.6058686164194376,0.3401818570271462,0.1916630516228271,0.9029780785211696,0.7391985275148454
E01004053,Southwark 001C,C,Professional,Housing Disadvantage,3,1,4,0.1790085956461283,0.11271676300578035,Tier 1 (lowest),0.3807181927181575,0.5230359426873566,0.0123126338329764,0.1154776299879081,0.046485260770975,0.1859410430839002,0.0684624017957351,0.0122982321291314,0.0315670800450958,0.2193363638133665,0.5026365263212592,0.187719367433057,0.9255285901353056,0.5558506650964814
E01004054,Southwark 001D,A,Professional,Double Advantage,1,1,2,0.19030903043540198,0.07803468208092486,Tier 1 (lowest),0.2902806191139067,0.5295421727447487,0.0208741030658838,0.1125,0.0427586206896551,0.1889655172413793,0.0890410958904109,0.0111627906976744,0.0262068965517241,0.3850578069943363,0.5405631204757735,0.1616910517805743,0.9956703235429936,0.2904294733559102
E01004055,Southwark 001E,A,Deprived,Transitional,1,4,5,0.6592853056292602,0.5317919075144508,Tier 3,0.3537594265877727,0.408607873879044,0.0773854244928625,0.3739688359303391,0.1311787072243346,0.2832699619771863,0.3150943396226415,0.0243506493506493,0.096590909090909,0.4130678774778097,0.354997251091611,0.258705682848919,0.9988329939166838,0.4518074695627364
E01004056,Southwark 008A,C,Family,Housing Disadvantage,3,2,5,0.33967384197335077,0.3670520231213873,Tier 2,0.5610221616603885,0.430921370961433,0.0410012947777298,0.2310015098137896,0.0549019607843137,0.2196078431372549,0.1681329423264907,0.0113314447592068,0.0615835777126099,0.2727520077443117,0.5539587046496156,0.168986867531649,0.9982682461614552,0.6972309558753782
E01004057,Southwark 008B,C,Family,Housing Disadvantage,3,2,5,0.33330667503440276,0.3468208092485549,Tier 2,0.558089906118273,0.4098145617203874,0.0298573975044563,0.2100054975261132,0.050314465408805,0.290356394129979,0.1264488935721812,0.0161042944785276,0.0587618048268625,0.330168443480443,0.5428992538798892,0.1561698939148962,0.957104697781781,0.693482298896565
E01004058,Southwark 008C,C,Professional,Housing Disadvantage,3,1,4,0.1372421197182847,0.06936416184971099,Tier 1 (lowest),0.3405936670724467,0.5315756589792832,0.0070754716981132,0.1059730250481695,0.0330578512396694,0.1227863046044864,0.0791027154663518,0.0123361603700848,0.0271546635182998,0.2035268091663145,0.5707155071685065,0.1055590172339005,1.0,0.4605077891213229
E01004059,Southwark 008D,A,Professional,Double Advantage,1,1,2,0.19621848070502773,0.09826589595375723,Tier 1 (lowest),0.3522611274399779,0.6392820587990363,0.0111272375423318,0.1124721603563474,0.0223463687150838,0.1877094972067039,0.0815642458100558,0.0194174757281553,0.0446428571428571,0.3703466643552715,0.5133915140717731,0.3947627873959876,0.8604804729785569,0.3888194393030579
E01004060,Southwark 008E,C,Mixed_0,Double Disadvantage,3,3,6,0.4143625613115267,0.30346820809248554,Tier 1 (lowest),0.3604585101539004,0.4784796554540464,0.0512170385395537,0.2802585193889542,0.0672748004561003,0.2223489167616875,0.2013808975834292,0.0191605839416058,0.0447247706422018,0.3830341415220202,0.494829532776363,0.1447332097645629,0.8448247154901223,0.4916373613604511
E01004061,Southwark 025A,D,Family,Housing Disadvantage,4,2,6,0.27876416194798354,0.15895953757225434,Tier 1 (lowest),0.3829936183287687,0.2792180652261287,0.0289156626506024,0.1653764954257565,0.0699588477366255,0.2277091906721536,0.1200545702592087,0.0123574144486692,0.0338753387533875,0.6493376356342972,0.2658788971443405,0.2113814725716777,0.8037008767469914,0.5233422788289985
E01004062,Southwark 025B,C,Mixed_0,Double Disadvantage,3,3,6,0.39897318127887677,0.5057803468208093,Tier 3,0.58680872972606,0.456619934047589,0.0460081190798376,0.2434210526315789,0.0633946830265848,0.2525562372188139,0.1941354903943377,0.0168711656441717,0.0591836734693877,0.465126829017826,0.6387813082054219,0.1392120518988847,0.7279736667338932,0.7237146534416754
E01004063,Southwark 025C,D,Family,Housing Disadvantage,4,2,6,0.323446137061293,0.21676300578034682,Tier 1 (lowest),0.4528556624694126,0.3741809467926087,0.0340788072417465,0.1930477963997517,0.1115065243179122,0.2230130486358244,0.1616279069767441,0.0060189165950128,0.0328638497652582,0.5565455514586843,0.3614895716345537,0.2705367354182293,0.7808237715163747,0.5947403117368946
E01004064,Southwark 026D,C,Mixed_0,Double Disadvantage,3,3,6,0.5027828526127531,0.6473988439306358,Tier 4,0.6025003046492073,0.3688527929999772,0.0484286450283359,0.3241032095657646,0.0950060901339829,0.2789281364190012,0.248780487804878,0.0183992640294388,0.071688942891859,0.4042376643636656,0.5550745492087347,0.1049019994478848,0.8331181487482734,0.7823783534021789
E01004065,Southwark 025D,D,Family,Housing Disadvantage,4,2,6,0.3298161605878502,0.4421965317919075,Tier 2,0.6331149324364368,0.2140048330159328,0.0371106693174287,0.1996855345911949,0.0585443037974683,0.2420886075949367,0.1439873417721519,0.0138297872340425,0.0584518167456556,0.5955743049363034,0.286772868868473,0.2823677879875396,0.8258128197904251,0.8379628640921497
E01004066,Southwark 025E,C,Mixed_0,Double Disadvantage,3,3,6,0.45798506438938247,0.6473988439306358,Tier 4,0.674429587322687,0.2948733109689517,0.0387004300047778,0.2751798561151079,0.0578512396694214,0.3046044864226682,0.2183098591549295,0.0210045662100456,0.0909090909090909,0.4594791638312955,0.4687857116319374,0.1699727885790916,0.7972892738126549,0.9099520393560288
E01004067,Southwark 022E,C,Deprived,Housing Disadvantage,3,4,7,0.5306377800699714,0.41329479768786126,Tier 2,0.3420156826512924,0.5272817113751658,0.0460912788070492,0.3523287671232876,0.0513368983957219,0.2695187165775401,0.2521459227467811,0.035042735042735,0.0719656283566058,0.4006444569894709,0.5713451051542434,0.0694088417399538,0.6372770642295352,0.5474770080236989
E01004068,Southwark 026E,C,Deprived,Housing Disadvantage,3,4,7,0.5795012072666215,0.8179190751445087,Tier 5 (highest),0.6981493900632073,0.2670124712053829,0.071953781512605,0.3407960199004975,0.1577017114914425,0.2224938875305623,0.2706027060270602,0.0139186295503211,0.0895705521472392,0.4145627930017017,0.4541959838661923,0.1470994202784249,0.8635701522709764,0.9287057834469216
E01004069,Southwark 031A,D,Family,Housing Disadvantage,4,2,6,0.3214720903043858,0.3179190751445087,Tier 2,0.5492521741092379,0.3570726412888391,0.0247486465583913,0.1004975124378109,0.1108786610878661,0.3472803347280335,0.0518672199170124,0.0066334991708126,0.108829568788501,0.9146012227257708,0.0,1.0,0.9774876645876176,0.4192396689663986
E01004070,Southwark 031B,D,Family,Housing Disadvantage,4,2,6,0.3821261715532714,0.4450867052023121,Tier 2,0.5707151806420221,0.0473116317787681,0.0475946775844421,0.1687707641196013,0.0905292479108635,0.3955431754874652,0.1050477489768076,0.0070921985815602,0.0733695652173913,0.8838751684733949,0.11626644499478,0.29814252474662,0.9025778717403394,0.6607924866939403
E01004071,Southwark 030D,D,Family,Housing Disadvantage,4,2,6,0.41088092686423744,0.6907514450867052,Tier 5 (highest),0.7496303091771558,0.0720313615234703,0.0457815565729234,0.2173560421735604,0.0974842767295597,0.3160377358490566,0.1924882629107981,0.0070422535211267,0.0703125,0.8130274116502321,0.3544072989179446,0.1821982095673789,0.9292807879068716,0.8079910985463065
E01004072,Southwark 030E,D,Family,Housing Disadvantage,4,2,6,0.3201142024941795,0.5751445086705202,Tier 4,0.7903254013031452,0.0,0.0233393177737881,0.1321321321321321,0.0787781350482315,0.3633440514469453,0.0693548387096774,0.014207650273224,0.0702875399361022,0.9094132952581552,0.0793885362364382,0.4811294711519529,0.9384088202862212,0.8808218976636218
E01004073,Southwark 031C,D,Family,Housing Disadvantage,4,2,6,0.3318257189318134,0.4942196531791907,Tier 3,0.6759020127321148,0.1743169305557523,0.0205804749340369,0.1305575158786168,0.0894886363636363,0.4076704545454545,0.0871428571428571,0.0069375619425173,0.0860832137733142,0.8406702023937154,0.1462720430448053,0.5426509445123666,0.8557173902035987,0.746709398255962
E01004074,Southwark 031D,D,Family,Housing Disadvantage,4,2,6,0.3667214314110253,0.6502890173410405,Tier 4,0.8122097813442327,0.0622380769071532,0.0245757753071971,0.0898959881129271,0.1156351791530944,0.3729641693811075,0.0888529886914378,0.0154946364719904,0.0917874396135265,0.975857070808372,0.0301305132362764,0.6747643648696651,0.8542689734346356,0.8839254828532802
E01004075,Southwark 031E,D,Family,Housing Disadvantage,4,2,6,0.31612193628050816,0.5404624277456647,Tier 3,0.7264202266362394,0.2843273756263367,0.0238927738927738,0.0681992337164751,0.1035031847133758,0.4219745222929936,0.0432,0.008225616921269,0.0858995137763371,1.0,0.0,1.0,0.982625034015114,0.6007468463059706
E01032583,Southwark 034D,B,Mixed_0,Population Disadvantage,2,3,5,0.3458480894872797,0.3872832369942196,Tier 2,0.5668828636061449,0.9184747234903216,0.0360623781676413,0.2146118721461187,0.0477741585233441,0.2084690553745928,0.1726384364820846,0.0226449275362318,0.0413943355119825,0.2983899655190694,0.7160284750287593,0.518988839373746,0.0,0.9593331981583724
E01032584,Southwark 034E,B,Mixed_0,Population Disadvantage,2,3,5,0.3863643375843928,0.29190751445086704,Tier 1 (lowest),0.4429267452007578,0.8200228978360454,0.0452858203414996,0.2472480948348857,0.0761061946902654,0.2106194690265486,0.1876106194690265,0.0159883720930232,0.0549645390070922,0.3411421328627981,0.673003744520047,0.1601135781046663,0.0,0.9053747049418076
E01032637,Southwark 035E,C,Professional,Housing Disadvantage,3,1,4,0.04367417201061264,0.3901734104046243,Tier 2,0.6866168661101588,0.6246039150059182,0.0076263107721639,0.0422812192723697,0.0124113475177304,0.0531914893617021,0.0480427046263345,0.0115681233933161,0.0035460992907801,0.2768189631511096,0.7193534948953945,0.3493907007926825,0.7816003385600063,0.8049564819164182
E01032638,Southwark 035D,C,Professional,Housing Disadvantage,3,1,4,0.05272810881241395,0.4161849710982659,Tier 2,0.7034946645418025,0.4049198946967941,0.0072463768115942,0.0434362934362934,0.0386554621848739,0.0924369747899159,0.0285234899328859,0.0058343057176196,0.0083892617449664,0.2782358622205649,0.5076033932422631,0.3020862089363901,0.947562876474376,0.9008227799969756
E01032639,Southwark 014F,B,Professional,Double Advantage,2,1,3,0.27593746597027696,0.2023121387283237,Tier 1 (lowest),0.4640741231537809,0.8189757235864423,0.0245302713987473,0.1446685878962536,0.0578406169665809,0.1529562982005141,0.1289910600255427,0.0233183856502242,0.0408163265306122,0.2549730775497114,0.869297211147666,0.1818038411484019,0.4436848100414206,0.6429773534936605
E01032640,Southwark 035B,D,Professional,Housing Disadvantage,4,1,5,0.04518226758281928,0.19942196531791906,Tier 1 (lowest),0.536410844155795,0.494122696950954,0.0067632850241545,0.0479102956167176,0.0311986863711001,0.070607553366174,0.0197693574958813,0.0096269554753309,0.0016420361247947,0.4176490122197124,0.4202709289297288,0.4243404188192634,0.7851959787566879,0.6957891044516111
E01032646,Southwark 036B,B,Professional,Double Advantage,2,1,3,0.1683652896836825,0.2052023121387283,Tier 1 (lowest),0.5141116507968286,0.6233630770823104,0.0223978919631093,0.1298322392414296,0.0448877805486284,0.1172069825436409,0.0880893300248139,0.0103871576959395,0.0198511166253101,0.3105335008866008,0.6626201127532285,0.1936348937177122,0.5158899930221869,0.7745151865695781
E01032719,Southwark 014G,B,Mixed_0,Population Disadvantage,2,3,5,0.36083909707869666,0.6040462427745665,Tier 4,0.7301716411652411,0.5552609915665744,0.045611610228058,0.2628205128205128,0.0570719602977667,0.1563275434243176,0.1785268414481897,0.0235148514851485,0.02375,0.4596455842207027,0.8422784252834665,0.0654651575501837,0.3630410700938749,0.981171152129241
E01033873,Southwark 009G,B,Deprived,Transitional,2,4,6,0.5026191350626229,0.6170520231213872,Tier 4,0.5850612932259673,0.7703002040807224,0.0384615384615384,0.2962962962962963,0.0369276218611521,0.2865583456425406,0.2278106508875739,0.0375302663438256,0.0888888888888888,0.2627513483729167,1.0,0.0496904207911033,0.4372265508761583,0.7716052569418359
E01033874,Southwark 009H,B,Professional,Double Advantage,2,1,3,0.10560956628701912,0.3020231213872832,Tier 1 (lowest),0.5850612932259673,0.7934613766708677,0.0139130434782608,0.0726933830382106,0.0015974440894568,0.0702875399361022,0.0559105431309904,0.0217076700434153,0.0128410914927768,0.2627513483729167,1.0,0.0496904207911033,0.4372265508761583,0.7716052569418359
E01033875,Southwark 012G,C,Mixed_0,Double Disadvantage,3,3,6,0.393285746693215,0.4421965317919075,Tier 2,0.5695793563416512,0.6152587704870767,0.050834597875569,0.2587800369685767,0.0948678071539657,0.2099533437013997,0.1921875,0.0110344827586206,0.0471698113207547,0.4434239097301219,0.7466169781006844,0.2113814725716777,0.5782279015647126,0.6971533177217908
E01033876,Southwark 012H,C,Professional,Housing Disadvantage,3,1,4,0.17801840354246287,0.28323699421965315,Tier 1 (lowest),0.5695793563416512,0.6028716016174713,0.0184,0.1286701208981001,0.0229709035222052,0.111791730474732,0.0745814307458143,0.0233372228704784,0.0137404580152671,0.4434239097301219,0.7466169781006844,0.2113814725716777,0.5782279015647126,0.6971533177217908
E01033877,Southwark 012I,C,Mixed_0,Double Disadvantage,3,3,6,0.40397314075968943,0.4653179190751445,Tier 3,0.5695793563416512,0.6398731917896536,0.0414507772020725,0.2981790591805766,0.0629575402635432,0.2035139092240117,0.1798245614035087,0.0213004484304932,0.0601173020527859,0.4434239097301219,0.7466169781006844,0.2113814725716777,0.5782279015647126,0.6971533177217908
E01032803,Southwark 036C,B,Professional,Double Advantage,2,1,3,0.1572352809379634,0.18497109826589594,Tier 1 (lowest),0.4987611555395754,0.7450280775201669,0.0219414893617021,0.1206513693560325,0.026888604353393,0.1318822023047375,0.0774111675126903,0.0120481927710843,0.0215736040609137,0.1537758269730906,0.7034663504110202,0.2429309460898385,0.427184056370663,0.8404752901980636
E01033882,Southwark 022G,C,Deprived,Housing Disadvantage,3,4,7,0.5408470857322667,0.5072254335260116,Tier 3,0.4716150029712617,0.3783142163896289,0.050354609929078,0.3204283360790774,0.072289156626506,0.2220309810671256,0.2923076923076923,0.026595744680851,0.1142857142857142,0.4767310657097815,0.4379575422004819,0.1640572622944364,0.7685676980547332,0.6609375893781321
E01033883,Southwark 022H,C,Mixed_0,Double Disadvantage,3,3,6,0.4616978994974101,0.40895953757225434,Tier 2,0.4716150029712617,0.313539940414985,0.037593984962406,0.3277439024390244,0.049306625577812,0.2696456086286595,0.2179289026275115,0.0189349112426035,0.1119751166407465,0.4767310657097815,0.4379575422004819,0.1640572622944364,0.7685676980547332,0.6609375893781321
E01032834,Southwark 035C,D,Professional,Housing Disadvantage,4,1,5,0.08366279719213585,0.48265895953757226,Tier 3,0.7899367459683913,0.4998540563183339,0.009765625,0.0538617886178861,0.0357142857142857,0.0535714285714285,0.0548387096774193,0.0150187734668335,0.0016077170418006,0.3656236857246694,0.5154860004110459,0.5584256812714471,0.929992036227207,0.8718008100456817
